TrealK	TsampK	STsamK	TheaterK	STheateK	mi0HmT	sH	Memu	sMemu	Memupg	pointtoStat	timebetmeasms	actualTime
190,557500E+0	178,640000E+0	0,000000E+0	198,003333E+0	5,773503E-3	8,890000E+0	0,000000E+0	505,060000E-3	0,000000E+0	Inf	3,000000E+0	250,000000E+0	3,719840820890E+9
190,594784E+0	178,660000E+0	0,000000E+0	198,053333E+0	5,773503E-3	8,883333E+0	5,773503E-3	505,060000E-3	0,000000E+0	Inf	3,000000E+0	250,000000E+0	3,719840830880E+9
190,758741E+0	178,716667E+0	5,773503E-3	198,296667E+0	15,275252E-3	8,883333E+0	5,773503E-3	505,060000E-3	0,000000E+0	Inf	3,000000E+0	250,000000E+0	3,719840840880E+9
190,937856E+0	178,800000E+0	34,809343E-15	198,546667E+0	5,773503E-3	8,880000E+0	0,000000E+0	503,060000E-3	0,000000E+0	Inf	3,000000E+0	250,000000E+0	3,719840850930E+9
191,119236E+0	178,866667E+0	5,773503E-3	198,813333E+0	15,275252E-3	8,880000E+0	0,000000E+0	506,393333E-3	1,154701E-3	Inf	3,000000E+0	250,000000E+0	3,719840860930E+9
191,326358E+0	178,993333E+0	5,773503E-3	199,080000E+0	20,000000E-3	8,863333E+0	5,773503E-3	505,060000E-3	0,000000E+0	Inf	3,000000E+0	250,000000E+0	3,719840870920E+9
191,545866E+0	179,140000E+0	10,000000E-3	199,353333E+0	15,275252E-3	8,860000E+0	0,000000E+0	503,726667E-3	1,154701E-3	Inf	3,000000E+0	250,000000E+0	3,719840880920E+9
191,806996E+0	179,356667E+0	32,145503E-3	199,646667E+0	49,328829E-3	5,906667E+0	5,115323E+0	503,060000E-3	0,000000E+0	Inf	3,000000E+0	250,000000E+0	3,719840890920E+9
191,994145E+0	179,516667E+0	5,773503E-3	199,853333E+0	5,773503E-3	8,856667E+0	5,773503E-3	503,060000E-3	0,000000E+0	Inf	3,000000E+0	250,000000E+0	3,719840900910E+9
192,224298E+0	179,723333E+0	15,275252E-3	200,100000E+0	0,000000E+0	8,860000E+0	0,000000E+0	501,060000E-3	0,000000E+0	Inf	3,000000E+0	250,000000E+0	3,719840910910E+9
192,457223E+0	179,910000E+0	10,000000E-3	200,366667E+0	57,735027E-3	8,870000E+0	0,000000E+0	501,060000E-3	0,000000E+0	Inf	3,000000E+0	250,000000E+0	3,719840920910E+9
192,682647E+0	180,123333E+0	5,773503E-3	200,600000E+0	0,000000E+0	8,863333E+0	5,773503E-3	503,060000E-3	0,000000E+0	Inf	3,000000E+0	250,000000E+0	3,719840930900E+9
192,910952E+0	180,343333E+0	5,773503E-3	200,833333E+0	57,735027E-3	8,860000E+0	0,000000E+0	500,393333E-3	1,154701E-3	Inf	3,000000E+0	250,000000E+0	3,719840940900E+9
193,161169E+0	180,570000E+0	10,000000E-3	201,100000E+0	0,000000E+0	8,813333E+0	5,773503E-3	501,060000E-3	0,000000E+0	Inf	3,000000E+0	250,000000E+0	3,719840950900E+9
193,395238E+0	180,803333E+0	15,275252E-3	201,333333E+0	57,735027E-3	8,820000E+0	0,000000E+0	499,060000E-3	0,000000E+0	Inf	3,000000E+0	250,000000E+0	3,719840960890E+9
193,648339E+0	181,036667E+0	5,773503E-3	201,600000E+0	0,000000E+0	8,830000E+0	0,000000E+0	499,060000E-3	0,000000E+0	Inf	3,000000E+0	250,000000E+0	3,719840970890E+9
193,947842E+0	181,333333E+0	15,275252E-3	201,900000E+0	0,000000E+0	5,876667E+0	5,089345E+0	498,393333E-3	1,154701E-3	Inf	3,000000E+0	250,000000E+0	3,719840980890E+9
194,145588E+0	181,526667E+0	15,275252E-3	202,100000E+0	0,000000E+0	8,823333E+0	5,773503E-3	497,726667E-3	1,154701E-3	Inf	3,000000E+0	250,000000E+0	3,719840990880E+9
194,430690E+0	181,790000E+0	20,000000E-3	202,400000E+0	0,000000E+0	8,810000E+0	0,000000E+0	499,060000E-3	0,000000E+0	Inf	3,000000E+0	250,000000E+0	3,719841000880E+9
194,660092E+0	182,056667E+0	15,275252E-3	202,600000E+0	0,000000E+0	8,800000E+0	10,000000E-3	497,060000E-3	0,000000E+0	Inf	3,000000E+0	250,000000E+0	3,719841010870E+9
194,942319E+0	182,313333E+0	15,275252E-3	202,900000E+0	0,000000E+0	8,790000E+0	10,000000E-3	497,060000E-3	0,000000E+0	Inf	3,000000E+0	250,000000E+0	3,719841020870E+9
195,168813E+0	182,573333E+0	15,275252E-3	203,100000E+0	0,000000E+0	8,793333E+0	5,773503E-3	493,060000E-3	0,000000E+0	Inf	3,000000E+0	250,000000E+0	3,719841030870E+9
195,453919E+0	182,836667E+0	11,547005E-3	203,400000E+0	0,000000E+0	8,803333E+0	11,547005E-3	495,060000E-3	0,000000E+0	Inf	3,000000E+0	250,000000E+0	3,719841040860E+9
195,690430E+0	183,120000E+0	20,000000E-3	203,600000E+0	0,000000E+0	8,810000E+0	10,000000E-3	493,726667E-3	1,154701E-3	Inf	3,000000E+0	250,000000E+0	3,719841050860E+9
195,985586E+0	183,406667E+0	5,773503E-3	203,900000E+0	0,000000E+0	8,806667E+0	5,773503E-3	491,060000E-3	0,000000E+0	Inf	3,000000E+0	250,000000E+0	3,719841060860E+9
196,219165E+0	183,683333E+0	5,773503E-3	204,100000E+0	0,000000E+0	8,810000E+0	0,000000E+0	493,060000E-3	0,000000E+0	Inf	3,000000E+0	250,000000E+0	3,719841070850E+9
196,508577E+0	183,956667E+0	15,275252E-3	204,400000E+0	0,000000E+0	8,830000E+0	0,000000E+0	491,060000E-3	0,000000E+0	Inf	3,000000E+0	250,000000E+0	3,719841080850E+9
196,743539E+0	184,236667E+0	15,275252E-3	204,600000E+0	0,000000E+0	8,840000E+0	0,000000E+0	491,060000E-3	0,000000E+0	Inf	3,000000E+0	250,000000E+0	3,719841090850E+9
197,037243E+0	184,520000E+0	20,000000E-3	204,900000E+0	0,000000E+0	8,810000E+0	0,000000E+0	489,060000E-3	0,000000E+0	Inf	3,000000E+0	250,000000E+0	3,719841100900E+9
197,356699E+0	184,863333E+0	5,773503E-3	205,200000E+0	34,809343E-15	5,853333E+0	5,069135E+0	487,060000E-3	0,000000E+0	Inf	3,000000E+0	250,000000E+0	3,719841110890E+9
197,523284E+0	185,073333E+0	11,547005E-3	205,333333E+0	57,735027E-3	8,793333E+0	5,773503E-3	485,060000E-3	0,000000E+0	Inf	3,000000E+0	250,000000E+0	3,719841120890E+9
197,800688E+0	185,363333E+0	15,275252E-3	205,600000E+0	0,000000E+0	8,810000E+0	0,000000E+0	485,060000E-3	0,000000E+0	Inf	3,000000E+0	250,000000E+0	3,719841130890E+9
198,092949E+0	185,643333E+0	15,275252E-3	205,900000E+0	0,000000E+0	8,790000E+0	10,000000E-3	483,060000E-3	0,000000E+0	Inf	3,000000E+0	250,000000E+0	3,719841140880E+9
198,327740E+0	185,923333E+0	15,275252E-3	206,100000E+0	0,000000E+0	8,783333E+0	5,773503E-3	483,060000E-3	0,000000E+0	Inf	3,000000E+0	250,000000E+0	3,719841150880E+9
198,578808E+0	186,196667E+0	15,275252E-3	206,333333E+0	57,735027E-3	8,793333E+0	5,773503E-3	481,060000E-3	0,000000E+0	Inf	3,000000E+0	250,000000E+0	3,719841160880E+9
198,847610E+0	186,466667E+0	5,773503E-3	206,600000E+0	0,000000E+0	8,853333E+0	5,773503E-3	481,060000E-3	0,000000E+0	Inf	3,000000E+0	250,000000E+0	3,719841170870E+9
199,131313E+0	186,726667E+0	5,773503E-3	206,900000E+0	0,000000E+0	8,806667E+0	5,773503E-3	479,060000E-3	0,000000E+0	Inf	3,000000E+0	250,000000E+0	3,719841180870E+9
199,368860E+0	187,013333E+0	15,275252E-3	207,100000E+0	0,000000E+0	8,806667E+0	5,773503E-3	478,393333E-3	1,154701E-3	Inf	3,000000E+0	250,000000E+0	3,719841190870E+9
199,662529E+0	187,296667E+0	11,547005E-3	207,400000E+0	0,000000E+0	8,810000E+0	0,000000E+0	477,060000E-3	0,000000E+0	Inf	3,000000E+0	250,000000E+0	3,719841200860E+9
199,884379E+0	187,546667E+0	15,275252E-3	207,600000E+0	0,000000E+0	8,810000E+0	0,000000E+0	475,060000E-3	0,000000E+0	Inf	3,000000E+0	250,000000E+0	3,719841210860E+9
200,175200E+0	187,823333E+0	11,547005E-3	207,900000E+0	0,000000E+0	8,806667E+0	5,773503E-3	475,060000E-3	0,000000E+0	Inf	3,000000E+0	250,000000E+0	3,719841220850E+9
200,401286E+0	188,083333E+0	11,547005E-3	208,100000E+0	0,000000E+0	8,810000E+0	0,000000E+0	473,060000E-3	0,000000E+0	Inf	3,000000E+0	250,000000E+0	3,719841230850E+9
200,706303E+0	188,393333E+0	15,275252E-3	208,400000E+0	0,000000E+0	5,870000E+0	5,083572E+0	472,393333E-3	1,154701E-3	Inf	3,000000E+0	250,000000E+0	3,719841240850E+9
200,912482E+0	188,606667E+0	15,275252E-3	208,600000E+0	0,000000E+0	8,806667E+0	5,773503E-3	471,060000E-3	0,000000E+0	Inf	3,000000E+0	250,000000E+0	3,719841250840E+9
201,184069E+0	188,883333E+0	15,275252E-3	208,866667E+0	57,735027E-3	8,826667E+0	15,275252E-3	471,060000E-3	0,000000E+0	Inf	3,000000E+0	250,000000E+0	3,719841260840E+9
201,425071E+0	189,133333E+0	15,275252E-3	209,100000E+0	0,000000E+0	8,796667E+0	5,773503E-3	469,060000E-3	0,000000E+0	Inf	3,000000E+0	250,000000E+0	3,719841270840E+9
201,671733E+0	189,396667E+0	11,547005E-3	209,333333E+0	57,735027E-3	8,803333E+0	11,547005E-3	467,060000E-3	0,000000E+0	Inf	3,000000E+0	250,000000E+0	3,719841280830E+9
201,934800E+0	189,653333E+0	5,773503E-3	209,600000E+0	0,000000E+0	8,810000E+0	0,000000E+0	467,060000E-3	0,000000E+0	Inf	3,000000E+0	250,000000E+0	3,719841290830E+9
202,238361E+0	189,960000E+0	30,000000E-3	209,900000E+0	0,000000E+0	8,780000E+0	0,000000E+0	465,060000E-3	0,000000E+0	Inf	3,000000E+0	250,000000E+0	3,719841300830E+9
202,598441E+0	190,500000E+0	30,000000E-3	210,126667E+0	46,188022E-3	8,790000E+0	0,000000E+0	461,060000E-3	0,000000E+0	Inf	3,000000E+0	250,000000E+0	3,719841310880E+9
202,886284E+0	190,943333E+0	25,166115E-3	210,300000E+0	34,809343E-15	8,790000E+0	0,000000E+0	457,060000E-3	0,000000E+0	Inf	3,000000E+0	250,000000E+0	3,719841320870E+9
203,231903E+0	191,350000E+0	17,320508E-3	210,600000E+0	0,000000E+0	8,796667E+0	5,773503E-3	455,060000E-3	0,000000E+0	Inf	3,000000E+0	250,000000E+0	3,719841330820E+9
203,527470E+0	191,730000E+0	20,000000E-3	210,833333E+0	57,735027E-3	8,783333E+0	5,773503E-3	451,060000E-3	0,000000E+0	Inf	3,000000E+0	250,000000E+0	3,719841340810E+9
203,847909E+0	192,123333E+0	11,547005E-3	211,100000E+0	0,000000E+0	8,790000E+0	0,000000E+0	449,060000E-3	0,000000E+0	Inf	3,000000E+0	250,000000E+0	3,719841350810E+9
204,108443E+0	192,466667E+0	11,547005E-3	211,300000E+0	34,809343E-15	8,810000E+0	0,000000E+0	447,060000E-3	0,000000E+0	Inf	3,000000E+0	250,000000E+0	3,719841360810E+9
204,435545E+0	192,830000E+0	20,000000E-3	211,600000E+0	0,000000E+0	8,786667E+0	5,773503E-3	445,060000E-3	0,000000E+0	Inf	3,000000E+0	250,000000E+0	3,719841370800E+9
204,730611E+0	193,163333E+0	11,547005E-3	211,866667E+0	57,735027E-3	8,810000E+0	0,000000E+0	445,060000E-3	0,000000E+0	Inf	3,000000E+0	250,000000E+0	3,719841380800E+9
205,003399E+0	193,490000E+0	20,000000E-3	212,100000E+0	0,000000E+0	8,800000E+0	0,000000E+0	443,060000E-3	0,000000E+0	Inf	3,000000E+0	250,000000E+0	3,719841390790E+9
205,244130E+0	193,786667E+0	15,275252E-3	212,300000E+0	34,809343E-15	8,830000E+0	0,000000E+0	441,060000E-3	0,000000E+0	Inf	3,000000E+0	250,000000E+0	3,719841400790E+9
205,558554E+0	194,120000E+0	20,000000E-3	212,600000E+0	0,000000E+0	8,853333E+0	11,547005E-3	439,060000E-3	0,000000E+0	Inf	3,000000E+0	250,000000E+0	3,719841410790E+9
205,847913E+0	194,440000E+0	20,000000E-3	212,866667E+0	57,735027E-3	8,846667E+0	5,773503E-3	437,060000E-3	0,000000E+0	Inf	3,000000E+0	250,000000E+0	3,719841420780E+9
206,109414E+0	194,740000E+0	20,000000E-3	213,100000E+0	0,000000E+0	8,830000E+0	0,000000E+0	435,060000E-3	0,000000E+0	Inf	3,000000E+0	250,000000E+0	3,719841430780E+9
206,345818E+0	195,026667E+0	15,275252E-3	213,300000E+0	34,809343E-15	8,826667E+0	5,773503E-3	435,060000E-3	0,000000E+0	Inf	3,000000E+0	250,000000E+0	3,719841440780E+9
206,640748E+0	195,313333E+0	11,547005E-3	213,600000E+0	0,000000E+0	8,846667E+0	5,773503E-3	431,060000E-3	0,000000E+0	Inf	3,000000E+0	250,000000E+0	3,719841450770E+9
206,861858E+0	195,563333E+0	5,773503E-3	213,800000E+0	34,809343E-15	8,830000E+0	0,000000E+0	431,060000E-3	0,000000E+0	Inf	3,000000E+0	250,000000E+0	3,719841460770E+9
207,163713E+0	195,866667E+0	15,275252E-3	214,100000E+0	0,000000E+0	8,826667E+0	5,773503E-3	429,060000E-3	0,000000E+0	Inf	3,000000E+0	250,000000E+0	3,719841470770E+9
207,480796E+0	196,206667E+0	15,275252E-3	214,400000E+0	0,000000E+0	5,903333E+0	5,112439E+0	429,726667E-3	1,154701E-3	Inf	3,000000E+0	250,000000E+0	3,719841480760E+9
207,683871E+0	196,413333E+0	15,275252E-3	214,600000E+0	0,000000E+0	8,876667E+0	5,773503E-3	427,060000E-3	0,000000E+0	Inf	3,000000E+0	250,000000E+0	3,719841490760E+9
207,996781E+0	196,743333E+0	11,547005E-3	214,900000E+0	0,000000E+0	5,923333E+0	5,129760E+0	427,060000E-3	0,000000E+0	Inf	3,000000E+0	250,000000E+0	3,719841500760E+9
208,190166E+0	196,926667E+0	15,275252E-3	215,100000E+0	0,000000E+0	8,876667E+0	5,773503E-3	424,393333E-3	1,154701E-3	Inf	3,000000E+0	250,000000E+0	3,719841510750E+9
208,418120E+0	197,193333E+0	15,275252E-3	215,300000E+0	34,809343E-15	8,883333E+0	5,773503E-3	423,060000E-3	0,000000E+0	Inf	3,000000E+0	250,000000E+0	3,719841520750E+9
208,701979E+0	197,453333E+0	15,275252E-3	215,600000E+0	0,000000E+0	8,890000E+0	0,000000E+0	421,060000E-3	0,000000E+0	Inf	3,000000E+0	250,000000E+0	3,719841530740E+9
208,966278E+0	197,713333E+0	15,275252E-3	215,866667E+0	57,735027E-3	8,893333E+0	5,773503E-3	419,060000E-3	0,000000E+0	Inf	3,000000E+0	250,000000E+0	3,719841540740E+9
209,206866E+0	197,963333E+0	15,275252E-3	216,100000E+0	0,000000E+0	8,873333E+0	5,773503E-3	417,060000E-3	0,000000E+0	Inf	3,000000E+0	250,000000E+0	3,719841550740E+9
209,432017E+0	198,223333E+0	11,547005E-3	216,300000E+0	34,809343E-15	8,843333E+0	5,773503E-3	415,060000E-3	0,000000E+0	Inf	3,000000E+0	250,000000E+0	3,719841560730E+9
209,704838E+0	198,456667E+0	5,773503E-3	216,600000E+0	0,000000E+0	8,813333E+0	5,773503E-3	413,060000E-3	0,000000E+0	Inf	3,000000E+0	250,000000E+0	3,719841570730E+9
209,949557E+0	198,716667E+0	15,275252E-3	216,833333E+0	57,735027E-3	8,810000E+0	0,000000E+0	411,060000E-3	0,000000E+0	Inf	3,000000E+0	250,000000E+0	3,719841580730E+9
210,208328E+0	198,963333E+0	15,275252E-3	217,100000E+0	0,000000E+0	8,820000E+0	10,000000E-3	411,060000E-3	0,000000E+0	Inf	3,000000E+0	250,000000E+0	3,719841590720E+9
210,429316E+0	199,213333E+0	5,773503E-3	217,300000E+0	34,809343E-15	8,830000E+0	0,000000E+0	409,060000E-3	0,000000E+0	Inf	3,000000E+0	250,000000E+0	3,719841600720E+9
210,704911E+0	199,453333E+0	5,773503E-3	217,600000E+0	0,000000E+0	8,830000E+0	0,000000E+0	407,060000E-3	0,000000E+0	Inf	3,000000E+0	250,000000E+0	3,719841610720E+9
210,965063E+0	199,703333E+0	15,275252E-3	217,866667E+0	57,735027E-3	8,840000E+0	10,000000E-3	407,060000E-3	0,000000E+0	Inf	3,000000E+0	250,000000E+0	3,719841620710E+9
211,204250E+0	199,950000E+0	10,000000E-3	218,100000E+0	0,000000E+0	8,826667E+0	5,773503E-3	405,060000E-3	0,000000E+0	Inf	3,000000E+0	250,000000E+0	3,719841630710E+9
211,425219E+0	200,200000E+0	34,809343E-15	218,300000E+0	34,809343E-15	8,826667E+0	5,773503E-3	403,060000E-3	0,000000E+0	Inf	3,000000E+0	250,000000E+0	3,719841640710E+9
211,725642E+0	200,500000E+0	0,000000E+0	218,600000E+0	0,000000E+0	5,890000E+0	5,100892E+0	403,060000E-3	0,000000E+0	Inf	3,000000E+0	250,000000E+0	3,719841650700E+9
211,912141E+0	200,666667E+0	57,735027E-3	218,800000E+0	34,809343E-15	8,823333E+0	11,547005E-3	401,060000E-3	0,000000E+0	Inf	3,000000E+0	250,000000E+0	3,719841660700E+9
212,365683E+0	201,100000E+0	0,000000E+0	219,266667E+0	57,735027E-3	8,863333E+0	5,773503E-3	396,864333E-3	115,470054E-6	Inf	3,000000E+0	250,000000E+0	3,719841670690E+9
212,432444E+0	201,166667E+0	57,735027E-3	219,333333E+0	57,735027E-3	8,860000E+0	10,000000E-3	396,797667E-3	115,470054E-6	Inf	3,000000E+0	250,000000E+0	3,719841680750E+9
212,685705E+0	201,400000E+0	0,000000E+0	219,600000E+0	0,000000E+0	8,810000E+0	0,000000E+0	393,731000E-3	200,000000E-6	Inf	3,000000E+0	250,000000E+0	3,719841690740E+9
212,919368E+0	201,633333E+0	57,735027E-3	219,833333E+0	57,735027E-3	8,813333E+0	5,773503E-3	392,797667E-3	115,470054E-6	Inf	3,000000E+0	250,000000E+0	3,719841700740E+9
213,186411E+0	201,900000E+0	0,000000E+0	220,100000E+0	0,000000E+0	8,813333E+0	5,773503E-3	391,464333E-3	230,940108E-6	Inf	3,000000E+0	250,000000E+0	3,719841710740E+9
213,386691E+0	202,100000E+0	0,000000E+0	220,300000E+0	34,809343E-15	8,810000E+0	0,000000E+0	389,731000E-3	200,000000E-6	Inf	3,000000E+0	250,000000E+0	3,719841720790E+9
213,673337E+0	202,366667E+0	57,735027E-3	220,600000E+0	0,000000E+0	8,810000E+0	0,000000E+0	387,797667E-3	115,470054E-6	Inf	3,000000E+0	250,000000E+0	3,719841730780E+9
213,887390E+0	202,600000E+0	0,000000E+0	220,800000E+0	34,809343E-15	8,806667E+0	5,773503E-3	387,064333E-3	115,470054E-6	Inf	3,000000E+0	250,000000E+0	3,719841740780E+9
214,227025E+0	202,900000E+0	0,000000E+0	221,166667E+0	57,735027E-3	5,900000E+0	5,109550E+0	386,264333E-3	230,940108E-6	Inf	3,000000E+0	250,000000E+0	3,719841750780E+9
214,427305E+0	203,100000E+0	0,000000E+0	221,366667E+0	57,735027E-3	8,856667E+0	5,773503E-3	386,197667E-3	115,470054E-6	Inf	3,000000E+0	250,000000E+0	3,719841760770E+9
214,647193E+0	203,300000E+0	34,809343E-15	221,600000E+0	0,000000E+0	8,803333E+0	5,773503E-3	382,864333E-3	115,470054E-6	Inf	3,000000E+0	250,000000E+0	3,719841770770E+9
214,875010E+0	203,566667E+0	57,735027E-3	221,800000E+0	34,809343E-15	8,816667E+0	5,773503E-3	381,997667E-3	230,940108E-6	Inf	3,000000E+0	250,000000E+0	3,719841780820E+9
215,128281E+0	203,800000E+0	34,809343E-15	222,066667E+0	57,735027E-3	8,826667E+0	5,773503E-3	381,131000E-3	200,000000E-6	Inf	3,000000E+0	250,000000E+0	3,719841790820E+9
215,361938E+0	204,033333E+0	57,735027E-3	222,300000E+0	34,809343E-15	8,806667E+0	5,773503E-3	378,397667E-3	305,505046E-6	Inf	3,000000E+0	250,000000E+0	3,719841800870E+9
215,648591E+0	204,300000E+0	34,809343E-15	222,600000E+0	0,000000E+0	8,813333E+0	5,773503E-3	376,464333E-3	115,470054E-6	Inf	3,000000E+0	250,000000E+0	3,719841810860E+9
215,929384E+0	204,600000E+0	0,000000E+0	222,866667E+0	57,735027E-3	8,820000E+0	10,000000E-3	374,664333E-3	115,470054E-6	Inf	3,000000E+0	250,000000E+0	3,719841820860E+9
216,190535E+0	204,900000E+0	0,000000E+0	223,100000E+0	0,000000E+0	8,813333E+0	5,773503E-3	373,264333E-3	115,470054E-6	Inf	3,000000E+0	250,000000E+0	3,719841830860E+9
216,390803E+0	205,100000E+0	0,000000E+0	223,300000E+0	34,809343E-15	8,810000E+0	0,000000E+0	372,731000E-3	0,000000E+0	Inf	3,000000E+0	250,000000E+0	3,719841840850E+9
216,649967E+0	205,300000E+0	34,809343E-15	223,600000E+0	0,000000E+0	8,810000E+0	0,000000E+0	371,664333E-3	115,470054E-6	Inf	3,000000E+0	250,000000E+0	3,719841850850E+9
216,930744E+0	205,600000E+0	0,000000E+0	223,866667E+0	57,735027E-3	8,793333E+0	5,773503E-3	369,064333E-3	115,470054E-6	Inf	3,000000E+0	250,000000E+0	3,719841860850E+9
217,191868E+0	205,900000E+0	0,000000E+0	224,100000E+0	0,000000E+0	8,800000E+0	0,000000E+0	366,731000E-3	0,000000E+0	Inf	3,000000E+0	250,000000E+0	3,719841870900E+9
217,452964E+0	206,200000E+0	34,809343E-15	224,333333E+0	57,735027E-3	8,806667E+0	5,773503E-3	364,197667E-3	115,470054E-6	Inf	3,000000E+0	250,000000E+0	3,719841880950E+9
217,733694E+0	206,500000E+0	0,000000E+0	224,600000E+0	0,000000E+0	8,790000E+0	0,000000E+0	362,264333E-3	115,470054E-6	Inf	3,000000E+0	250,000000E+0	3,719841890950E+9
218,034078E+0	206,800000E+0	34,809343E-15	224,900000E+0	0,000000E+0	8,796667E+0	5,773503E-3	360,131000E-3	0,000000E+0	Inf	3,000000E+0	250,000000E+0	3,719841900940E+9
218,275445E+0	207,100000E+0	0,000000E+0	225,100000E+0	0,000000E+0	8,813333E+0	5,773503E-3	358,464333E-3	115,470054E-6	Inf	3,000000E+0	250,000000E+0	3,719841910940E+9
218,516761E+0	207,400000E+0	0,000000E+0	225,300000E+0	34,809343E-15	5,883333E+0	5,095119E+0	357,664333E-3	230,940108E-6	Inf	3,000000E+0	250,000000E+0	3,719841920940E+9
218,736693E+0	207,600000E+0	0,000000E+0	225,533333E+0	57,735027E-3	8,860000E+0	0,000000E+0	357,464333E-3	115,470054E-6	Inf	3,000000E+0	250,000000E+0	3,719841930930E+9
219,076433E+0	207,900000E+0	0,000000E+0	225,900000E+0	0,000000E+0	8,833333E+0	5,773503E-3	356,264333E-3	115,470054E-6	Inf	3,000000E+0	250,000000E+0	3,719841940930E+9
219,304044E+0	208,166667E+0	57,735027E-3	226,100000E+0	0,000000E+0	8,833333E+0	5,773503E-3	354,531000E-3	0,000000E+0	Inf	3,000000E+0	250,000000E+0	3,719841950920E+9
219,618078E+0	208,500000E+0	0,000000E+0	226,400000E+0	0,000000E+0	5,880000E+0	5,092229E+0	352,731000E-3	529,150262E-6	Inf	3,000000E+0	250,000000E+0	3,719841960920E+9
219,759190E+0	208,700000E+0	34,809343E-15	226,500000E+0	0,000000E+0	8,820000E+0	0,000000E+0	351,264333E-3	115,470054E-6	Inf	3,000000E+0	250,000000E+0	3,719841970920E+9
220,086838E+0	209,066667E+0	57,735027E-3	226,800000E+0	34,809343E-15	8,820000E+0	10,000000E-3	348,464333E-3	115,470054E-6	Inf	3,000000E+0	250,000000E+0	3,719841980970E+9
220,387177E+0	209,366667E+0	57,735027E-3	227,100000E+0	0,000000E+0	8,810000E+0	0,000000E+0	347,064333E-3	305,505046E-6	Inf	3,000000E+0	250,000000E+0	3,719841990970E+9
220,601042E+0	209,600000E+0	0,000000E+0	227,300000E+0	34,809343E-15	8,760000E+0	0,000000E+0	343,731000E-3	0,000000E+0	Inf	3,000000E+0	250,000000E+0	3,719842000960E+9
220,942261E+0	210,000000E+0	0,000000E+0	227,600000E+0	0,000000E+0	5,820000E+0	5,040268E+0	341,731000E-3	200,000000E-6	Inf	3,000000E+0	250,000000E+0	3,719842010960E+9
221,142477E+0	210,200000E+0	34,809343E-15	227,800000E+0	34,809343E-15	8,756667E+0	5,773503E-3	341,397667E-3	115,470054E-6	Inf	3,000000E+0	250,000000E+0	3,719842020950E+9
221,456415E+0	210,533333E+0	57,735027E-3	228,100000E+0	0,000000E+0	5,823333E+0	5,043157E+0	339,331000E-3	529,150262E-6	Inf	3,000000E+0	250,000000E+0	3,719842030950E+9
221,662765E+0	210,700000E+0	34,809343E-15	228,333333E+0	57,735027E-3	8,743333E+0	5,773503E-3	338,664333E-3	115,470054E-6	Inf	3,000000E+0	250,000000E+0	3,719842040950E+9
221,943334E+0	211,000000E+0	0,000000E+0	228,600000E+0	0,000000E+0	8,756667E+0	5,773503E-3	338,197667E-3	115,470054E-6	Inf	3,000000E+0	250,000000E+0	3,719842050940E+9
222,157155E+0	211,233333E+0	57,735027E-3	228,800000E+0	34,809343E-15	8,860000E+0	0,000000E+0	340,064333E-3	115,470054E-6	Inf	3,000000E+0	250,000000E+0	3,719842060940E+9
222,530360E+0	211,566667E+0	57,735027E-3	229,200000E+0	34,809343E-15	8,856667E+0	5,773503E-3	338,464333E-3	115,470054E-6	Inf	3,000000E+0	250,000000E+0	3,719842070940E+9
222,757784E+0	211,833333E+0	57,735027E-3	229,400000E+0	0,000000E+0	8,870000E+0	10,000000E-3	337,464333E-3	115,470054E-6	Inf	3,000000E+0	250,000000E+0	3,719842080930E+9
223,032139E+0	212,166667E+0	57,735027E-3	229,633333E+0	57,735027E-3	8,880000E+0	0,000000E+0	336,597667E-3	115,470054E-6	Inf	3,000000E+0	250,000000E+0	3,719842090930E+9
223,292870E+0	212,466667E+0	57,735027E-3	229,866667E+0	57,735027E-3	8,873333E+0	5,773503E-3	335,064333E-3	230,940108E-6	Inf	3,000000E+0	250,000000E+0	3,719842100930E+9
223,553575E+0	212,766667E+0	57,735027E-3	230,100000E+0	0,000000E+0	8,846667E+0	5,773503E-3	332,664333E-3	230,940108E-6	Inf	3,000000E+0	250,000000E+0	3,719842110920E+9
223,780890E+0	213,033333E+0	57,735027E-3	230,300000E+0	34,809343E-15	8,890000E+0	0,000000E+0	332,531000E-3	0,000000E+0	Inf	3,000000E+0	250,000000E+0	3,719842120920E+9
224,047810E+0	213,300000E+0	34,809343E-15	230,566667E+0	57,735027E-3	8,863333E+0	5,773503E-3	331,731000E-3	200,000000E-6	Inf	3,000000E+0	250,000000E+0	3,719842130920E+9
224,308460E+0	213,600000E+0	0,000000E+0	230,800000E+0	34,809343E-15	8,830000E+0	0,000000E+0	329,264333E-3	115,470054E-6	Inf	3,000000E+0	250,000000E+0	3,719842140910E+9
224,581645E+0	213,833333E+0	57,735027E-3	231,100000E+0	0,000000E+0	8,823333E+0	5,773503E-3	327,931000E-3	200,000000E-6	Inf	3,000000E+0	250,000000E+0	3,719842150910E+9
224,909012E+0	214,200000E+0	34,809343E-15	231,400000E+0	0,000000E+0	5,886667E+0	5,098003E+0	326,397667E-3	115,470054E-6	Inf	3,000000E+0	250,000000E+0	3,719842160900E+9
225,109195E+0	214,400000E+0	0,000000E+0	231,600000E+0	0,000000E+0	8,830000E+0	0,000000E+0	325,731000E-3	0,000000E+0	Inf	3,000000E+0	250,000000E+0	3,719842170900E+9
225,423001E+0	214,733333E+0	57,735027E-3	231,900000E+0	0,000000E+0	5,883333E+0	5,095119E+0	324,597667E-3	305,505046E-6	Inf	3,000000E+0	250,000000E+0	3,719842180900E+9
225,636709E+0	214,966667E+0	57,735027E-3	232,100000E+0	0,000000E+0	8,813333E+0	5,773503E-3	324,064333E-3	115,470054E-6	Inf	3,000000E+0	250,000000E+0	3,719842190890E+9
225,950496E+0	215,300000E+0	34,809343E-15	232,400000E+0	0,000000E+0	5,886667E+0	5,098003E+0	323,597667E-3	115,470054E-6	Inf	3,000000E+0	250,000000E+0	3,719842200890E+9
226,150671E+0	215,500000E+0	0,000000E+0	232,600000E+0	0,000000E+0	8,816667E+0	5,773503E-3	322,131000E-3	0,000000E+0	Inf	3,000000E+0	250,000000E+0	3,719842210890E+9
226,377868E+0	215,766667E+0	57,735027E-3	232,800000E+0	34,809343E-15	8,810000E+0	0,000000E+0	321,397667E-3	115,470054E-6	Inf	3,000000E+0	250,000000E+0	3,719842220880E+9
226,611401E+0	216,000000E+0	0,000000E+0	233,033333E+0	57,735027E-3	8,806667E+0	5,773503E-3	320,531000E-3	0,000000E+0	Inf	3,000000E+0	250,000000E+0	3,719842230880E+9
226,891796E+0	216,300000E+0	34,809343E-15	233,300000E+0	34,809343E-15	8,806667E+0	5,773503E-3	320,731000E-3	0,000000E+0	Inf	3,000000E+0	250,000000E+0	3,719842240880E+9
227,178550E+0	216,566667E+0	57,735027E-3	233,600000E+0	0,000000E+0	8,810000E+0	0,000000E+0	320,131000E-3	0,000000E+0	Inf	3,000000E+0	250,000000E+0	3,719842250870E+9
227,392216E+0	216,800000E+0	34,809343E-15	233,800000E+0	34,809343E-15	8,826667E+0	5,773503E-3	320,531000E-3	0,000000E+0	Inf	3,000000E+0	250,000000E+0	3,719842260870E+9
227,692467E+0	217,100000E+0	0,000000E+0	234,100000E+0	0,000000E+0	8,823333E+0	11,547005E-3	319,064333E-3	115,470054E-6	Inf	3,000000E+0	250,000000E+0	3,719842270870E+9
227,906122E+0	217,333333E+0	57,735027E-3	234,300000E+0	34,809343E-15	8,840000E+0	0,000000E+0	319,597667E-3	115,470054E-6	Inf	3,000000E+0	250,000000E+0	3,719842280920E+9
228,192882E+0	217,600000E+0	0,000000E+0	234,600000E+0	0,000000E+0	8,823333E+0	5,773503E-3	317,331000E-3	0,000000E+0	Inf	3,000000E+0	250,000000E+0	3,719842290910E+9
228,412920E+0	217,800000E+0	34,809343E-15	234,833333E+0	57,735027E-3	8,826667E+0	5,773503E-3	318,131000E-3	0,000000E+0	Inf	3,000000E+0	250,000000E+0	3,719842300910E+9
228,693295E+0	218,100000E+0	0,000000E+0	235,100000E+0	0,000000E+0	8,810000E+0	0,000000E+0	317,397667E-3	503,322296E-6	Inf	3,000000E+0	250,000000E+0	3,719842310910E+9
228,920417E+0	218,366667E+0	57,735027E-3	235,300000E+0	34,809343E-15	8,803333E+0	5,773503E-3	315,664333E-3	115,470054E-6	Inf	3,000000E+0	250,000000E+0	3,719842320900E+9
229,173822E+0	218,600000E+0	0,000000E+0	235,566667E+0	57,735027E-3	8,810000E+0	0,000000E+0	315,331000E-3	0,000000E+0	Inf	3,000000E+0	250,000000E+0	3,719842330900E+9
229,420817E+0	218,866667E+0	57,735027E-3	235,800000E+0	34,809343E-15	8,803333E+0	5,773503E-3	313,931000E-3	200,000000E-6	Inf	3,000000E+0	250,000000E+0	3,719842340900E+9
229,674225E+0	219,100000E+0	0,000000E+0	236,066667E+0	57,735027E-3	8,770000E+0	0,000000E+0	313,597667E-3	115,470054E-6	Inf	3,000000E+0	250,000000E+0	3,719842350890E+9
229,921215E+0	219,366667E+0	57,735027E-3	236,300000E+0	34,809343E-15	8,783333E+0	5,773503E-3	313,464333E-3	115,470054E-6	Inf	3,000000E+0	250,000000E+0	3,719842360890E+9
230,154733E+0	219,600000E+0	0,000000E+0	236,533333E+0	57,735027E-3	8,793333E+0	5,773503E-3	312,197667E-3	115,470054E-6	Inf	3,000000E+0	250,000000E+0	3,719842370880E+9
230,494756E+0	219,900000E+0	0,000000E+0	236,900000E+0	0,000000E+0	5,866667E+0	5,080682E+0	312,264333E-3	115,470054E-6	Inf	3,000000E+0	250,000000E+0	3,719842380880E+9
230,694916E+0	220,100000E+0	0,000000E+0	237,100000E+0	0,000000E+0	8,800000E+0	10,000000E-3	311,864333E-3	115,470054E-6	Inf	3,000000E+0	250,000000E+0	3,719842390880E+9
230,995156E+0	220,400000E+0	0,000000E+0	237,400000E+0	0,000000E+0	5,873333E+0	5,086456E+0	311,664333E-3	115,470054E-6	Inf	3,000000E+0	250,000000E+0	3,719842400870E+9
231,195315E+0	220,600000E+0	0,000000E+0	237,600000E+0	0,000000E+0	8,810000E+0	0,000000E+0	311,531000E-3	0,000000E+0	Inf	3,000000E+0	250,000000E+0	3,719842410870E+9
231,422392E+0	220,866667E+0	57,735027E-3	237,800000E+0	34,809343E-15	8,840000E+0	10,000000E-3	311,597667E-3	115,470054E-6	Inf	3,000000E+0	250,000000E+0	3,719842420870E+9
231,695711E+0	221,100000E+0	0,000000E+0	238,100000E+0	0,000000E+0	8,793333E+0	5,773503E-3	310,797667E-3	115,470054E-6	Inf	3,000000E+0	250,000000E+0	3,719842430860E+9
231,895869E+0	221,300000E+0	34,809343E-15	238,300000E+0	34,809343E-15	8,806667E+0	5,773503E-3	308,597667E-3	115,470054E-6	Inf	3,000000E+0	250,000000E+0	3,719842440860E+9
232,196104E+0	221,600000E+0	0,000000E+0	238,600000E+0	0,000000E+0	8,800000E+0	0,000000E+0	307,797667E-3	115,470054E-6	Inf	3,000000E+0	250,000000E+0	3,719842450860E+9
232,416163E+0	221,800000E+0	34,809343E-15	238,833333E+0	57,735027E-3	8,793333E+0	5,773503E-3	306,331000E-3	200,000000E-6	Inf	3,000000E+0	250,000000E+0	3,719842460850E+9
232,696495E+0	222,100000E+0	0,000000E+0	239,100000E+0	0,000000E+0	8,783333E+0	5,773503E-3	304,197667E-3	115,470054E-6	Inf	3,000000E+0	250,000000E+0	3,719842470850E+9
232,963369E+0	222,366667E+0	57,735027E-3	239,366667E+0	57,735027E-3	8,810000E+0	0,000000E+0	302,931000E-3	0,000000E+0	Inf	3,000000E+0	250,000000E+0	3,719842480850E+9
233,196883E+0	222,600000E+0	0,000000E+0	239,600000E+0	0,000000E+0	8,800000E+0	10,000000E-3	299,664333E-3	305,505046E-6	Inf	3,000000E+0	250,000000E+0	3,719842490900E+9
233,497115E+0	222,900000E+0	0,000000E+0	239,900000E+0	0,000000E+0	8,803333E+0	5,773503E-3	295,531000E-3	200,000000E-6	Inf	3,000000E+0	250,000000E+0	3,719842500950E+9
233,737588E+0	223,200000E+0	34,809343E-15	240,100000E+0	0,000000E+0	8,786667E+0	5,773503E-3	291,264333E-3	230,940108E-6	Inf	3,000000E+0	250,000000E+0	3,719842510940E+9
233,937737E+0	223,400000E+0	0,000000E+0	240,300000E+0	34,809343E-15	8,806667E+0	5,773503E-3	287,864333E-3	230,940108E-6	Inf	3,000000E+0	250,000000E+0	3,719842520940E+9
234,237960E+0	223,700000E+0	34,809343E-15	240,600000E+0	0,000000E+0	8,813333E+0	5,773503E-3	283,397667E-3	115,470054E-6	Inf	3,000000E+0	250,000000E+0	3,719842530940E+9
234,504824E+0	223,966667E+0	57,735027E-3	240,866667E+0	57,735027E-3	8,803333E+0	5,773503E-3	279,131000E-3	200,000000E-6	Inf	3,000000E+0	250,000000E+0	3,719842540930E+9
234,698461E+0	224,200000E+0	34,809343E-15	241,033333E+0	57,735027E-3	8,790000E+0	0,000000E+0	274,397667E-3	115,470054E-6	Inf	3,000000E+0	250,000000E+0	3,719842550930E+9
234,978736E+0	224,500000E+0	0,000000E+0	241,300000E+0	34,809343E-15	8,790000E+0	10,000000E-3	270,331000E-3	200,000000E-6	Inf	3,000000E+0	250,000000E+0	3,719842560930E+9
235,278949E+0	224,800000E+0	34,809343E-15	241,600000E+0	0,000000E+0	5,856667E+0	5,072025E+0	265,131000E-3	529,150262E-6	Inf	3,000000E+0	250,000000E+0	3,719842570980E+9
235,479091E+0	225,000000E+0	0,000000E+0	241,800000E+0	34,809343E-15	8,830000E+0	0,000000E+0	262,397667E-3	115,470054E-6	Inf	3,000000E+0	250,000000E+0	3,719842580970E+9
235,739061E+0	225,200000E+0	34,809343E-15	242,100000E+0	0,000000E+0	8,850000E+0	0,000000E+0	259,131000E-3	200,000000E-6	Inf	3,000000E+0	250,000000E+0	3,719842590970E+9
235,979444E+0	225,500000E+0	0,000000E+0	242,300000E+0	34,809343E-15	8,830000E+0	0,000000E+0	255,197667E-3	115,470054E-6	Inf	3,000000E+0	250,000000E+0	3,719842600970E+9
236,179584E+0	225,700000E+0	34,809343E-15	242,500000E+0	0,000000E+0	8,836667E+0	5,773503E-3	252,197667E-3	115,470054E-6	Inf	3,000000E+0	250,000000E+0	3,719842610960E+9
236,452980E+0	225,933333E+0	57,735027E-3	242,800000E+0	34,809343E-15	8,856667E+0	5,773503E-3	251,731000E-3	0,000000E+0	Inf	3,000000E+0	250,000000E+0	3,719842620960E+9
236,699887E+0	226,200000E+0	34,809343E-15	243,033333E+0	57,735027E-3	8,863333E+0	5,773503E-3	251,664333E-3	115,470054E-6	Inf	3,000000E+0	250,000000E+0	3,719842631010E+9
236,939926E+0	226,400000E+0	0,000000E+0	243,300000E+0	34,809343E-15	8,860000E+0	0,000000E+0	252,531000E-3	0,000000E+0	Inf	3,000000E+0	250,000000E+0	3,719842641010E+9
237,166881E+0	226,666667E+0	57,735027E-3	243,500000E+0	0,000000E+0	8,876667E+0	5,773503E-3	255,731000E-3	200,000000E-6	Inf	3,000000E+0	250,000000E+0	3,719842651000E+9
237,440283E+0	226,900000E+0	0,000000E+0	243,800000E+0	34,809343E-15	8,880000E+0	0,000000E+0	257,397667E-3	115,470054E-6	Inf	3,000000E+0	250,000000E+0	3,719842661060E+9
237,700263E+0	227,100000E+0	0,000000E+0	244,100000E+0	0,000000E+0	8,880000E+0	0,000000E+0	259,531000E-3	200,000000E-6	Inf	3,000000E+0	250,000000E+0	3,719842671050E+9
237,913822E+0	227,333333E+0	57,735027E-3	244,300000E+0	34,809343E-15	8,843333E+0	5,773503E-3	258,197667E-3	305,505046E-6	Inf	3,000000E+0	250,000000E+0	3,719842681050E+9
238,180680E+0	227,600000E+0	0,000000E+0	244,566667E+0	57,735027E-3	8,836667E+0	5,773503E-3	254,331000E-3	200,000000E-6	Inf	3,000000E+0	250,000000E+0	3,719842691050E+9
238,400771E+0	227,800000E+0	34,809343E-15	244,800000E+0	34,809343E-15	8,843333E+0	5,773503E-3	249,397667E-3	416,333200E-6	Inf	3,000000E+0	250,000000E+0	3,719842701040E+9
238,620862E+0	228,000000E+0	0,000000E+0	245,033333E+0	57,735027E-3	8,860000E+0	0,000000E+0	242,997667E-3	416,333200E-6	Inf	3,000000E+0	250,000000E+0	3,719842711040E+9
238,901131E+0	228,300000E+0	34,809343E-15	245,300000E+0	34,809343E-15	8,830000E+0	0,000000E+0	235,397667E-3	416,333200E-6	Inf	3,000000E+0	250,000000E+0	3,719842721030E+9
239,141170E+0	228,500000E+0	0,000000E+0	245,566667E+0	57,735027E-3	8,846667E+0	5,773503E-3	227,597667E-3	416,333200E-6	Inf	3,000000E+0	250,000000E+0	3,719842731030E+9
239,388083E+0	228,766667E+0	57,735027E-3	245,800000E+0	34,809343E-15	8,836667E+0	5,773503E-3	219,464333E-3	416,333200E-6	Inf	3,000000E+0	250,000000E+0	3,719842741030E+9
239,601632E+0	229,000000E+0	0,000000E+0	246,000000E+0	0,000000E+0	8,833333E+0	5,773503E-3	211,797667E-3	305,505046E-6	Inf	3,000000E+0	250,000000E+0	3,719842751020E+9
239,861627E+0	229,200000E+0	34,809343E-15	246,300000E+0	34,809343E-15	8,833333E+0	5,773503E-3	204,531000E-3	400,000000E-6	Inf	3,000000E+0	250,000000E+0	3,719842761020E+9
240,061772E+0	229,400000E+0	0,000000E+0	246,500000E+0	0,000000E+0	8,840000E+0	0,000000E+0	197,731000E-3	200,000000E-6	Inf	3,000000E+0	250,000000E+0	3,719842771020E+9
240,348581E+0	229,666667E+0	57,735027E-3	246,800000E+0	34,809343E-15	8,843333E+0	5,773503E-3	191,464333E-3	305,505046E-6	Inf	3,000000E+0	250,000000E+0	3,719842781010E+9
240,635388E+0	229,933333E+0	57,735027E-3	247,100000E+0	0,000000E+0	5,890000E+0	5,100892E+0	184,064333E-3	1,101514E-3	Inf	3,000000E+0	250,000000E+0	3,719842791010E+9
240,822122E+0	230,100000E+0	0,000000E+0	247,300000E+0	34,809343E-15	8,836667E+0	11,547005E-3	179,397667E-3	416,333200E-6	Inf	3,000000E+0	250,000000E+0	3,719842801010E+9
241,122344E+0	230,400000E+0	0,000000E+0	247,600000E+0	0,000000E+0	5,893333E+0	5,103776E+0	172,864333E-3	945,163125E-6	Inf	3,000000E+0	250,000000E+0	3,719842811060E+9
241,322492E+0	230,600000E+0	0,000000E+0	247,800000E+0	34,809343E-15	8,856667E+0	5,773503E-3	168,597667E-3	115,470054E-6	Inf	3,000000E+0	250,000000E+0	3,719842821050E+9
241,582467E+0	230,800000E+0	34,809343E-15	248,100000E+0	0,000000E+0	8,853333E+0	5,773503E-3	163,931000E-3	200,000000E-6	Inf	3,000000E+0	250,000000E+0	3,719842831050E+9
241,796035E+0	231,033333E+0	57,735027E-3	248,300000E+0	34,809343E-15	8,843333E+0	5,773503E-3	158,864333E-3	230,940108E-6	Inf	3,000000E+0	250,000000E+0	3,719842841050E+9
242,062901E+0	231,300000E+0	34,809343E-15	248,566667E+0	57,735027E-3	8,866667E+0	5,773503E-3	154,531000E-3	200,000000E-6	Inf	3,000000E+0	250,000000E+0	3,719842851100E+9
242,302935E+0	231,500000E+0	0,000000E+0	248,833333E+0	57,735027E-3	8,820000E+0	10,000000E-3	149,864333E-3	305,505046E-6	Inf	3,000000E+0	250,000000E+0	3,719842861150E+9
242,503085E+0	231,700000E+0	34,809343E-15	249,033333E+0	57,735027E-3	8,800000E+0	0,000000E+0	145,397667E-3	230,940108E-6	Inf	3,000000E+0	250,000000E+0	3,719842871150E+9
242,783366E+0	232,000000E+0	0,000000E+0	249,300000E+0	34,809343E-15	8,790000E+0	0,000000E+0	141,331000E-3	200,000000E-6	Inf	3,000000E+0	250,000000E+0	3,719842881140E+9
243,023404E+0	232,200000E+0	34,809343E-15	249,566667E+0	57,735027E-3	8,786667E+0	5,773503E-3	137,264333E-3	230,940108E-6	Inf	3,000000E+0	250,000000E+0	3,719842891140E+9
243,243495E+0	232,400000E+0	0,000000E+0	249,800000E+0	34,809343E-15	8,803333E+0	5,773503E-3	133,464333E-3	230,940108E-6	Inf	3,000000E+0	250,000000E+0	3,719842901140E+9
243,543723E+0	232,700000E+0	34,809343E-15	250,100000E+0	0,000000E+0	8,793333E+0	5,773503E-3	129,264333E-3	230,940108E-6	Inf	3,000000E+0	250,000000E+0	3,719842911190E+9
243,743874E+0	232,900000E+0	0,000000E+0	250,300000E+0	34,809343E-15	8,796667E+0	5,773503E-3	125,664333E-3	230,940108E-6	Inf	3,000000E+0	250,000000E+0	3,719842921180E+9
243,963967E+0	233,100000E+0	0,000000E+0	250,533333E+0	57,735027E-3	8,790000E+0	0,000000E+0	122,197667E-3	230,940108E-6	Inf	3,000000E+0	250,000000E+0	3,719842931180E+9
244,230836E+0	233,366667E+0	57,735027E-3	250,800000E+0	34,809343E-15	8,803333E+0	5,773503E-3	118,997667E-3	230,940108E-6	Inf	3,000000E+0	250,000000E+0	3,719842941180E+9
244,444400E+0	233,600000E+0	0,000000E+0	251,000000E+0	0,000000E+0	8,806667E+0	5,773503E-3	115,397667E-3	230,940108E-6	Inf	3,000000E+0	250,000000E+0	3,719842951170E+9
244,704382E+0	233,800000E+0	34,809343E-15	251,300000E+0	34,809343E-15	8,796667E+0	5,773503E-3	111,531000E-3	200,000000E-6	Inf	3,000000E+0	250,000000E+0	3,719842961170E+9
244,937894E+0	234,033333E+0	57,735027E-3	251,533333E+0	57,735027E-3	8,810000E+0	0,000000E+0	108,397667E-3	115,470054E-6	Inf	3,000000E+0	250,000000E+0	3,719842971170E+9
245,224705E+0	234,300000E+0	34,809343E-15	251,833333E+0	57,735027E-3	5,866667E+0	5,080682E+0	104,931000E-3	721,110255E-6	Inf	3,000000E+0	250,000000E+0	3,719842981220E+9
245,424859E+0	234,500000E+0	0,000000E+0	252,033333E+0	57,735027E-3	8,806667E+0	5,773503E-3	102,331000E-3	200,000000E-6	Inf	3,000000E+0	250,000000E+0	3,719842991210E+9
245,664890E+0	234,700000E+0	34,809343E-15	252,300000E+0	34,809343E-15	8,786667E+0	11,547005E-3	99,331000E-3	200,000000E-6	Inf	3,000000E+0	250,000000E+0	3,719843001210E+9
245,884982E+0	234,900000E+0	0,000000E+0	252,533333E+0	57,735027E-3	8,783333E+0	5,773503E-3	96,597667E-3	230,940108E-6	Inf	3,000000E+0	250,000000E+0	3,719843011210E+9
246,151856E+0	235,166667E+0	57,735027E-3	252,800000E+0	34,809343E-15	8,780000E+0	0,000000E+0	93,997667E-3	230,940108E-6	Inf	3,000000E+0	250,000000E+0	3,719843021260E+9
246,365432E+0	235,400000E+0	0,000000E+0	253,000000E+0	0,000000E+0	8,823333E+0	5,773503E-3	91,731000E-3	0,000000E+0	Inf	3,000000E+0	250,000000E+0	3,719843031310E+9
246,625399E+0	235,600000E+0	0,000000E+0	253,300000E+0	34,809343E-15	8,830000E+0	0,000000E+0	89,597667E-3	115,470054E-6	Inf	3,000000E+0	250,000000E+0	3,719843041310E+9
246,825556E+0	235,800000E+0	34,809343E-15	253,500000E+0	0,000000E+0	8,810000E+0	0,000000E+0	87,264333E-3	230,940108E-6	Inf	3,000000E+0	250,000000E+0	3,719843051300E+9
247,125792E+0	236,100000E+0	0,000000E+0	253,800000E+0	34,809343E-15	8,836667E+0	5,773503E-3	85,464333E-3	115,470054E-6	Inf	3,000000E+0	250,000000E+0	3,719843061300E+9
247,325948E+0	236,300000E+0	34,809343E-15	254,000000E+0	0,000000E+0	8,836667E+0	15,275252E-3	83,464333E-3	115,470054E-6	Inf	3,000000E+0	250,000000E+0	3,719843071290E+9
247,685988E+0	236,600000E+0	0,000000E+0	254,400000E+0	0,000000E+0	5,860000E+0	5,074909E+0	80,931000E-3	346,410162E-6	Inf	3,000000E+0	250,000000E+0	3,719843081290E+9
247,859284E+0	236,733333E+0	57,735027E-3	254,600000E+0	0,000000E+0	8,800000E+0	10,000000E-3	79,464333E-3	115,470054E-6	Inf	3,000000E+0	250,000000E+0	3,719843091290E+9
248,086306E+0	237,000000E+0	0,000000E+0	254,800000E+0	34,809343E-15	8,780000E+0	0,000000E+0	77,531000E-3	200,000000E-6	Inf	3,000000E+0	250,000000E+0	3,719843101280E+9
248,286464E+0	237,200000E+0	34,809343E-15	255,000000E+0	0,000000E+0	8,830000E+0	0,000000E+0	76,331000E-3	0,000000E+0	Inf	3,000000E+0	250,000000E+0	3,719843111280E+9
248,546417E+0	237,400000E+0	0,000000E+0	255,300000E+0	34,809343E-15	8,810000E+0	0,000000E+0	74,797667E-3	115,470054E-6	Inf	3,000000E+0	250,000000E+0	3,719843121280E+9
248,819790E+0	237,633333E+0	57,735027E-3	255,600000E+0	0,000000E+0	8,790000E+0	0,000000E+0	73,131000E-3	0,000000E+0	Inf	3,000000E+0	250,000000E+0	3,719843131270E+9
249,046820E+0	237,900000E+0	0,000000E+0	255,800000E+0	34,809343E-15	8,786667E+0	5,773503E-3	71,731000E-3	0,000000E+0	Inf	3,000000E+0	250,000000E+0	3,719843141270E+9
249,266911E+0	238,100000E+0	0,000000E+0	256,033333E+0	57,735027E-3	8,783333E+0	5,773503E-3	70,264333E-3	115,470054E-6	Inf	3,000000E+0	250,000000E+0	3,719843151270E+9
249,516331E+0	238,323333E+0	40,414519E-3	256,300000E+0	0,000000E+0	8,763333E+0	5,773503E-3	69,064333E-3	115,470054E-6	Inf	3,000000E+0	250,000000E+0	3,719843161260E+9
249,707090E+0	238,500000E+0	0,000000E+0	256,500000E+0	0,000000E+0	8,810000E+0	0,000000E+0	67,997667E-3	115,470054E-6	Inf	3,000000E+0	250,000000E+0	3,719843171260E+9
250,007335E+0	238,800000E+0	34,809343E-15	256,800000E+0	0,000000E+0	8,813333E+0	5,773503E-3	66,731000E-3	0,000000E+0	Inf	3,000000E+0	250,000000E+0	3,719843181260E+9
250,267269E+0	239,000000E+0	0,000000E+0	257,100000E+0	0,000000E+0	5,876667E+0	5,089345E+0	65,531000E-3	200,000000E-6	Inf	3,000000E+0	250,000000E+0	3,719843191250E+9
250,467436E+0	239,200000E+0	34,809343E-15	257,300000E+0	0,000000E+0	8,826667E+0	5,773503E-3	64,731000E-3	0,000000E+0	Inf	3,000000E+0	250,000000E+0	3,719843201250E+9
250,667601E+0	239,400000E+0	0,000000E+0	257,500000E+0	0,000000E+0	8,840000E+0	10,000000E-3	63,797667E-3	115,470054E-6	Inf	3,000000E+0	250,000000E+0	3,719843211240E+9
250,967850E+0	239,700000E+0	34,809343E-15	257,800000E+0	0,000000E+0	8,803333E+0	5,773503E-3	62,464333E-3	115,470054E-6	Inf	3,000000E+0	250,000000E+0	3,719843221240E+9
251,241220E+0	239,933333E+0	57,735027E-3	258,100000E+0	0,000000E+0	5,863333E+0	5,077798E+0	61,464333E-3	305,505046E-6	Inf	3,000000E+0	250,000000E+0	3,719843231240E+9
251,427945E+0	240,100000E+0	0,000000E+0	258,300000E+0	0,000000E+0	8,790000E+0	0,000000E+0	60,531000E-3	0,000000E+0	Inf	3,000000E+0	250,000000E+0	3,719843241230E+9
251,641554E+0	240,333333E+0	57,735027E-3	258,500000E+0	0,000000E+0	8,780000E+0	0,000000E+0	59,531000E-3	200,000000E-6	Inf	3,000000E+0	250,000000E+0	3,719843251230E+9
251,928364E+0	240,600000E+0	0,000000E+0	258,800000E+0	0,000000E+0	8,780000E+0	0,000000E+0	58,797667E-3	115,470054E-6	Inf	3,000000E+0	250,000000E+0	3,719843261230E+9
252,128531E+0	240,800000E+0	34,809343E-15	259,000000E+0	0,000000E+0	8,770000E+0	0,000000E+0	57,997667E-3	115,470054E-6	Inf	3,000000E+0	250,000000E+0	3,719843271220E+9
252,388455E+0	241,000000E+0	0,000000E+0	259,300000E+0	0,000000E+0	8,766667E+0	5,773503E-3	57,264333E-3	115,470054E-6	Inf	3,000000E+0	250,000000E+0	3,719843281220E+9
252,628947E+0	241,300000E+0	34,809343E-15	259,500000E+0	0,000000E+0	8,816667E+0	5,773503E-3	56,531000E-3	0,000000E+0	Inf	3,000000E+0	250,000000E+0	3,719843291220E+9
252,888880E+0	241,500000E+0	0,000000E+0	259,800000E+0	0,000000E+0	8,830000E+0	0,000000E+0	55,997667E-3	115,470054E-6	Inf	3,000000E+0	250,000000E+0	3,719843301270E+9
253,108966E+0	241,700000E+0	34,809343E-15	260,033333E+0	57,735027E-3	8,830000E+0	0,000000E+0	55,131000E-3	8,498375E-18	Inf	3,000000E+0	250,000000E+0	3,719843311320E+9
253,375859E+0	241,966667E+0	57,735027E-3	260,300000E+0	0,000000E+0	8,816667E+0	11,547005E-3	54,464333E-3	115,470054E-6	Inf	3,000000E+0	250,000000E+0	3,719843321320E+9
253,589469E+0	242,200000E+0	34,809343E-15	260,500000E+0	0,000000E+0	8,833333E+0	5,773503E-3	53,797667E-3	115,470054E-6	Inf	3,000000E+0	250,000000E+0	3,719843331310E+9
253,849395E+0	242,400000E+0	0,000000E+0	260,800000E+0	0,000000E+0	8,836667E+0	5,773503E-3	53,197667E-3	115,470054E-6	Inf	3,000000E+0	250,000000E+0	3,719843341310E+9
254,089887E+0	242,700000E+0	34,809343E-15	261,000000E+0	0,000000E+0	8,856667E+0	5,773503E-3	52,531000E-3	0,000000E+0	Inf	3,000000E+0	250,000000E+0	3,719843351300E+9
254,349822E+0	242,900000E+0	0,000000E+0	261,300000E+0	0,000000E+0	8,840000E+0	10,000000E-3	52,064333E-3	115,470054E-6	Inf	3,000000E+0	250,000000E+0	3,719843361300E+9
254,650076E+0	243,200000E+0	34,809343E-15	261,600000E+0	0,000000E+0	5,896667E+0	5,106666E+0	51,331000E-3	8,498375E-18	Inf	3,000000E+0	250,000000E+0	3,719843371300E+9
254,850246E+0	243,400000E+0	0,000000E+0	261,800000E+0	0,000000E+0	8,863333E+0	5,773503E-3	50,931000E-3	0,000000E+0	Inf	3,000000E+0	250,000000E+0	3,719843381290E+9
255,050415E+0	243,600000E+0	0,000000E+0	262,000000E+0	0,000000E+0	8,866667E+0	5,773503E-3	50,331000E-3	8,498375E-18	Inf	3,000000E+0	250,000000E+0	3,719843391290E+9
255,323787E+0	243,833333E+0	57,735027E-3	262,300000E+0	0,000000E+0	8,873333E+0	11,547005E-3	49,731000E-3	0,000000E+0	Inf	3,000000E+0	250,000000E+0	3,719843401340E+9
255,550835E+0	244,100000E+0	0,000000E+0	262,500000E+0	0,000000E+0	8,876667E+0	5,773503E-3	49,264333E-3	115,470054E-6	Inf	3,000000E+0	250,000000E+0	3,719843411340E+9
255,851087E+0	244,400000E+0	0,000000E+0	262,800000E+0	0,000000E+0	5,883333E+0	5,095119E+0	48,397667E-3	115,470054E-6	Inf	3,000000E+0	250,000000E+0	3,719843421330E+9
256,051254E+0	244,600000E+0	0,000000E+0	263,000000E+0	0,000000E+0	8,843333E+0	11,547005E-3	48,064333E-3	115,470054E-6	Inf	3,000000E+0	250,000000E+0	3,719843431330E+9
256,311198E+0	244,800000E+0	34,809343E-15	263,300000E+0	0,000000E+0	8,820000E+0	10,000000E-3	47,331000E-3	8,498375E-18	Inf	3,000000E+0	250,000000E+0	3,719843441330E+9
256,584570E+0	245,033333E+0	57,735027E-3	263,600000E+0	0,000000E+0	8,793333E+0	5,773503E-3	46,597667E-3	115,470054E-6	Inf	3,000000E+0	250,000000E+0	3,719843451320E+9
256,811622E+0	245,300000E+0	34,809343E-15	263,800000E+0	0,000000E+0	8,790000E+0	0,000000E+0	46,064333E-3	115,470054E-6	Inf	3,000000E+0	250,000000E+0	3,719843461320E+9
257,031715E+0	245,500000E+0	0,000000E+0	264,033333E+0	57,735027E-3	8,793333E+0	5,773503E-3	45,597667E-3	115,470054E-6	Inf	3,000000E+0	250,000000E+0	3,719843471370E+9
257,298608E+0	245,766667E+0	57,735027E-3	264,300000E+0	0,000000E+0	8,800000E+0	0,000000E+0	45,064333E-3	115,470054E-6	Inf	3,000000E+0	250,000000E+0	3,719843481370E+9
257,498778E+0	245,966667E+0	57,735027E-3	264,500000E+0	0,000000E+0	8,790000E+0	10,000000E-3	44,464333E-3	115,470054E-6	Inf	3,000000E+0	250,000000E+0	3,719843491360E+9
257,772157E+0	246,200000E+0	34,809343E-15	264,800000E+0	0,000000E+0	8,833333E+0	5,773503E-3	44,397667E-3	115,470054E-6	Inf	3,000000E+0	250,000000E+0	3,719843501360E+9
258,072413E+0	246,500000E+0	0,000000E+0	265,100000E+0	0,000000E+0	5,873333E+0	5,086456E+0	43,664333E-3	230,940108E-6	Inf	3,000000E+0	250,000000E+0	3,719843511360E+9
258,245703E+0	246,633333E+0	57,735027E-3	265,300000E+0	0,000000E+0	8,810000E+0	0,000000E+0	43,131000E-3	0,000000E+0	Inf	3,000000E+0	250,000000E+0	3,719843521350E+9
258,532519E+0	246,900000E+0	0,000000E+0	265,600000E+0	0,000000E+0	5,880000E+0	5,092239E+0	42,664333E-3	115,470054E-6	Inf	3,000000E+0	250,000000E+0	3,719843531350E+9
258,712772E+0	247,100000E+0	0,000000E+0	265,766667E+0	57,735027E-3	8,826667E+0	5,773503E-3	42,197667E-3	115,470054E-6	Inf	3,000000E+0	250,000000E+0	3,719843541350E+9
259,006062E+0	247,333333E+0	57,735027E-3	266,100000E+0	0,000000E+0	5,880000E+0	5,092229E+0	41,797667E-3	115,470054E-6	Inf	3,000000E+0	250,000000E+0	3,719843551340E+9
259,192789E+0	247,500000E+0	0,000000E+0	266,300000E+0	0,000000E+0	8,776667E+0	5,773503E-3	41,264333E-3	115,470054E-6	Inf	3,000000E+0	250,000000E+0	3,719843561340E+9
259,392964E+0	247,700000E+0	34,809343E-15	266,500000E+0	0,000000E+0	8,766667E+0	5,773503E-3	40,864333E-3	115,470054E-6	Inf	3,000000E+0	250,000000E+0	3,719843571340E+9
259,679779E+0	247,966667E+0	57,735027E-3	266,800000E+0	0,000000E+0	8,773333E+0	5,773503E-3	40,397667E-3	115,470054E-6	Inf	3,000000E+0	250,000000E+0	3,719843581330E+9
259,893402E+0	248,200000E+0	34,809343E-15	267,000000E+0	0,000000E+0	8,810000E+0	0,000000E+0	40,264333E-3	115,470054E-6	Inf	3,000000E+0	250,000000E+0	3,719843591330E+9
260,284780E+0	248,533333E+0	57,735027E-3	267,430000E+0	51,961524E-3	8,810000E+0	0,000000E+0	39,147333E-3	50,332230E-6	Inf	3,000000E+0	250,000000E+0	3,719843601330E+9
260,353497E+0	248,600000E+0	0,000000E+0	267,500000E+0	0,000000E+0	8,813333E+0	5,773503E-3	39,300667E-3	30,550505E-6	Inf	3,000000E+0	250,000000E+0	3,719843611320E+9
260,640311E+0	248,866667E+0	57,735027E-3	267,800000E+0	0,000000E+0	8,803333E+0	5,773503E-3	38,614000E-3	80,000000E-6	Inf	3,000000E+0	250,000000E+0	3,719843621320E+9
260,853939E+0	249,100000E+0	0,000000E+0	268,000000E+0	0,000000E+0	8,796667E+0	5,773503E-3	38,474000E-3	72,111026E-6	Inf	3,000000E+0	250,000000E+0	3,719843631320E+9
261,093941E+0	249,300000E+0	34,809343E-15	268,266667E+0	57,735027E-3	8,786667E+0	5,773503E-3	37,960667E-3	50,332230E-6	Inf	3,000000E+0	250,000000E+0	3,719843641310E+9
261,314029E+0	249,500000E+0	0,000000E+0	268,500000E+0	0,000000E+0	8,780000E+0	0,000000E+0	37,687333E-3	170,098011E-6	Inf	3,000000E+0	250,000000E+0	3,719843651310E+9
261,614297E+0	249,800000E+0	34,809343E-15	268,800000E+0	0,000000E+0	5,843333E+0	5,060478E+0	37,147333E-3	98,657657E-6	Inf	3,000000E+0	250,000000E+0	3,719843661300E+9
261,787567E+0	249,933333E+0	57,735027E-3	269,000000E+0	0,000000E+0	8,790000E+0	26,457513E-3	36,954000E-3	80,000000E-6	Inf	3,000000E+0	250,000000E+0	3,719843671300E+9
262,060919E+0	250,166667E+0	57,735027E-3	269,300000E+0	0,000000E+0	8,780000E+0	0,000000E+0	36,414000E-3	20,000000E-6	Inf	3,000000E+0	250,000000E+0	3,719843681300E+9
262,327829E+0	250,433333E+0	57,735027E-3	269,566667E+0	57,735027E-3	8,783333E+0	5,773503E-3	35,774000E-3	20,000000E-6	Inf	3,000000E+0	250,000000E+0	3,719843691290E+9
262,574832E+0	250,700000E+0	34,809343E-15	269,800000E+0	0,000000E+0	8,776667E+0	5,773503E-3	35,247333E-3	102,632029E-6	Inf	3,000000E+0	250,000000E+0	3,719843701290E+9
262,815362E+0	251,000000E+0	0,000000E+0	270,000000E+0	0,000000E+0	8,796667E+0	5,773503E-3	34,860667E-3	41,633320E-6	Inf	3,000000E+0	250,000000E+0	3,719843711290E+9
263,035456E+0	251,200000E+0	34,809343E-15	270,233333E+0	57,735027E-3	8,790000E+0	10,000000E-3	34,447333E-3	23,094011E-6	Inf	3,000000E+0	250,000000E+0	3,719843721280E+9
263,315802E+0	251,500000E+0	0,000000E+0	270,500000E+0	0,000000E+0	8,796667E+0	5,773503E-3	34,327333E-3	41,633320E-6	Inf	3,000000E+0	250,000000E+0	3,719843731280E+9
263,555815E+0	251,700000E+0	34,809343E-15	270,766667E+0	57,735027E-3	8,766667E+0	11,547005E-3	33,947333E-3	61,101009E-6	Inf	3,000000E+0	250,000000E+0	3,719843741280E+9
263,802798E+0	251,966667E+0	57,735027E-3	271,000000E+0	0,000000E+0	8,760000E+0	0,000000E+0	33,467333E-3	94,516313E-6	Inf	3,000000E+0	250,000000E+0	3,719843751330E+9
264,076175E+0	252,200000E+0	34,809343E-15	271,300000E+0	0,000000E+0	8,783333E+0	5,773503E-3	33,240667E-3	41,633320E-6	Inf	3,000000E+0	250,000000E+0	3,719843761380E+9
264,289796E+0	252,433333E+0	57,735027E-3	271,500000E+0	0,000000E+0	8,786667E+0	5,773503E-3	32,900667E-3	94,516313E-6	Inf	3,000000E+0	250,000000E+0	3,719843771380E+9
264,576617E+0	252,700000E+0	34,809343E-15	271,800000E+0	0,000000E+0	8,783333E+0	5,773503E-3	32,580667E-3	113,724814E-6	Inf	3,000000E+0	250,000000E+0	3,719843781370E+9
264,776794E+0	252,900000E+0	0,000000E+0	272,000000E+0	0,000000E+0	8,783333E+0	5,773503E-3	32,327333E-3	23,094011E-6	Inf	3,000000E+0	250,000000E+0	3,719843791370E+9
265,010332E+0	253,133333E+0	57,735027E-3	272,233333E+0	57,735027E-3	8,783333E+0	5,773503E-3	32,014000E-3	69,282032E-6	Inf	3,000000E+0	250,000000E+0	3,719843801360E+9
265,277233E+0	253,400000E+0	0,000000E+0	272,500000E+0	0,000000E+0	8,780000E+0	0,000000E+0	31,727333E-3	50,332230E-6	Inf	3,000000E+0	250,000000E+0	3,719843811360E+9
265,537171E+0	253,600000E+0	0,000000E+0	272,800000E+0	0,000000E+0	8,796667E+0	5,773503E-3	31,454000E-3	111,355287E-6	Inf	3,000000E+0	250,000000E+0	3,719843821360E+9
265,750792E+0	253,833333E+0	57,735027E-3	273,000000E+0	0,000000E+0	8,786667E+0	5,773503E-3	31,280667E-3	80,829038E-6	Inf	3,000000E+0	250,000000E+0	3,719843831410E+9
266,037615E+0	254,100000E+0	0,000000E+0	273,300000E+0	0,000000E+0	8,836667E+0	5,773503E-3	31,060667E-3	64,291005E-6	Inf	3,000000E+0	250,000000E+0	3,719843841410E+9
266,237792E+0	254,300000E+0	34,809343E-15	273,500000E+0	0,000000E+0	8,813333E+0	5,773503E-3	30,887333E-3	64,291005E-6	Inf	3,000000E+0	250,000000E+0	3,719843851400E+9
266,497723E+0	254,500000E+0	0,000000E+0	273,800000E+0	0,000000E+0	8,790000E+0	10,000000E-3	30,514000E-3	91,651514E-6	Inf	3,000000E+0	250,000000E+0	3,719843861400E+9
266,738234E+0	254,800000E+0	34,809343E-15	274,000000E+0	0,000000E+0	8,786667E+0	11,547005E-3	30,094000E-3	158,745079E-6	Inf	3,000000E+0	250,000000E+0	3,719843871390E+9
266,998172E+0	255,000000E+0	0,000000E+0	274,300000E+0	0,000000E+0	8,790000E+0	0,000000E+0	29,774000E-3	100,000000E-6	Inf	3,000000E+0	250,000000E+0	3,719843881390E+9
267,238672E+0	255,300000E+0	34,809343E-15	274,500000E+0	0,000000E+0	8,793333E+0	15,275252E-3	29,480667E-3	83,266640E-6	Inf	3,000000E+0	250,000000E+0	3,719843891440E+9
267,492136E+0	255,533333E+0	57,735027E-3	274,766667E+0	57,735027E-3	8,823333E+0	5,773503E-3	29,327333E-3	94,516313E-6	Inf	3,000000E+0	250,000000E+0	3,719843901490E+9
267,739109E+0	255,800000E+0	34,809343E-15	275,000000E+0	0,000000E+0	8,780000E+0	0,000000E+0	28,934000E-3	40,000000E-6	Inf	3,000000E+0	250,000000E+0	3,719843911490E+9
268,039370E+0	256,100000E+0	0,000000E+0	275,300000E+0	0,000000E+0	5,870000E+0	5,083572E+0	28,594000E-3	140,000000E-6	Inf	3,000000E+0	250,000000E+0	3,719843921490E+9
268,239543E+0	256,300000E+0	0,000000E+0	275,500000E+0	0,000000E+0	8,820000E+0	0,000000E+0	28,720667E-3	98,657657E-6	Inf	3,000000E+0	250,000000E+0	3,719843931480E+9
268,499505E+0	256,500000E+0	0,000000E+0	275,800000E+0	0,000000E+0	8,830000E+0	0,000000E+0	28,547333E-3	23,094011E-6	Inf	3,000000E+0	250,000000E+0	3,719843941480E+9
268,759909E+0	256,800000E+0	0,000000E+0	276,033333E+0	57,735027E-3	8,823333E+0	5,773503E-3	28,180667E-3	64,291005E-6	Inf	3,000000E+0	250,000000E+0	3,719843951480E+9
268,999945E+0	257,000000E+0	0,000000E+0	276,300000E+0	0,000000E+0	8,820000E+0	10,000000E-3	28,047333E-3	70,237692E-6	Inf	3,000000E+0	250,000000E+0	3,719843961470E+9
269,200120E+0	257,200000E+0	0,000000E+0	276,500000E+0	0,000000E+0	8,806667E+0	5,773503E-3	27,654000E-3	131,148770E-6	Inf	3,000000E+0	250,000000E+0	3,719843971470E+9
269,500382E+0	257,500000E+0	0,000000E+0	276,800000E+0	0,000000E+0	8,786667E+0	5,773503E-3	27,474000E-3	72,111026E-6	Inf	3,000000E+0	250,000000E+0	3,719843981470E+9
269,700556E+0	257,700000E+0	0,000000E+0	277,000000E+0	0,000000E+0	8,793333E+0	5,773503E-3	27,254000E-3	52,915026E-6	Inf	3,000000E+0	250,000000E+0	3,719843991520E+9
269,940592E+0	257,900000E+0	0,000000E+0	277,266667E+0	57,735027E-3	8,806667E+0	5,773503E-3	27,247333E-3	41,633320E-6	Inf	3,000000E+0	250,000000E+0	3,719844001570E+9
270,187561E+0	258,166667E+0	57,735027E-3	277,500000E+0	0,000000E+0	8,803333E+0	5,773503E-3	26,987333E-3	115,470054E-6	Inf	3,000000E+0	250,000000E+0	3,719844011560E+9
270,441030E+0	258,400000E+0	0,000000E+0	277,766667E+0	57,735027E-3	8,810000E+0	0,000000E+0	26,860667E-3	41,633320E-6	Inf	3,000000E+0	250,000000E+0	3,719844021560E+9
270,700991E+0	258,600000E+0	0,000000E+0	278,066667E+0	57,735027E-3	8,820000E+0	10,000000E-3	26,800667E-3	30,550505E-6	Inf	3,000000E+0	250,000000E+0	3,719844031560E+9
270,921093E+0	258,800000E+0	0,000000E+0	278,300000E+0	0,000000E+0	8,813333E+0	5,773503E-3	26,534000E-3	91,651514E-6	Inf	3,000000E+0	250,000000E+0	3,719844041550E+9
271,181506E+0	259,100000E+0	0,000000E+0	278,533333E+0	57,735027E-3	8,816667E+0	5,773503E-3	26,287333E-3	61,101009E-6	Inf	3,000000E+0	250,000000E+0	3,719844051550E+9
271,421539E+0	259,300000E+0	0,000000E+0	278,800000E+0	0,000000E+0	5,893333E+0	5,103776E+0	26,154000E-3	150,996689E-6	Inf	3,000000E+0	250,000000E+0	3,719844061600E+9
271,621716E+0	259,500000E+0	0,000000E+0	279,000000E+0	0,000000E+0	8,833333E+0	5,773503E-3	25,934000E-3	72,111026E-6	Inf	3,000000E+0	250,000000E+0	3,719844071600E+9
271,835327E+0	259,733333E+0	57,735027E-3	279,200000E+0	0,000000E+0	8,836667E+0	5,773503E-3	25,840667E-3	90,184995E-6	Inf	3,000000E+0	250,000000E+0	3,719844081590E+9
272,122159E+0	260,000000E+0	0,000000E+0	279,500000E+0	0,000000E+0	8,870000E+0	10,000000E-3	25,714000E-3	124,899960E-6	Inf	3,000000E+0	250,000000E+0	3,719844091590E+9
272,382117E+0	260,200000E+0	0,000000E+0	279,800000E+0	0,000000E+0	8,830000E+0	0,000000E+0	25,674000E-3	52,915026E-6	Inf	3,000000E+0	250,000000E+0	3,719844101590E+9
272,682386E+0	260,500000E+0	0,000000E+0	280,100000E+0	0,000000E+0	5,906667E+0	5,115323E+0	25,360667E-3	30,550505E-6	Inf	3,000000E+0	250,000000E+0	3,719844111640E+9
272,835763E+0	260,633333E+0	57,735027E-3	280,266667E+0	57,735027E-3	8,863333E+0	5,773503E-3	25,320667E-3	102,632029E-6	Inf	3,000000E+0	250,000000E+0	3,719844121630E+9
273,082743E+0	260,900000E+0	0,000000E+0	280,500000E+0	0,000000E+0	8,860000E+0	0,000000E+0	25,080667E-3	61,101009E-6	Inf	3,000000E+0	250,000000E+0	3,719844131630E+9
273,342694E+0	261,100000E+0	0,000000E+0	280,800000E+0	0,000000E+0	8,880000E+0	0,000000E+0	24,920667E-3	30,550505E-6	Inf	3,000000E+0	250,000000E+0	3,719844141630E+9
273,542875E+0	261,300000E+0	0,000000E+0	281,000000E+0	0,000000E+0	8,903333E+0	5,773503E-3	24,827333E-3	23,094011E-6	Inf	3,000000E+0	250,000000E+0	3,719844151620E+9
273,782896E+0	261,500000E+0	0,000000E+0	281,266667E+0	57,735027E-3	8,883333E+0	5,773503E-3	24,640667E-3	70,237692E-6	Inf	3,000000E+0	250,000000E+0	3,719844161620E+9
274,029886E+0	261,766667E+0	57,735027E-3	281,500000E+0	0,000000E+0	8,886667E+0	5,773503E-3	24,540667E-3	41,633320E-6	Inf	3,000000E+0	250,000000E+0	3,719844171620E+9
274,263430E+0	262,000000E+0	0,000000E+0	281,733333E+0	57,735027E-3	8,880000E+0	0,000000E+0	24,240667E-3	80,829038E-6	Inf	3,000000E+0	250,000000E+0	3,719844181610E+9
274,503454E+0	262,200000E+0	0,000000E+0	282,000000E+0	0,000000E+0	8,866667E+0	5,773503E-3	24,340667E-3	92,376043E-6	Inf	3,000000E+0	250,000000E+0	3,719844191610E+9
274,803727E+0	262,500000E+0	0,000000E+0	282,300000E+0	0,000000E+0	5,910000E+0	5,118213E+0	23,927333E-3	92,376043E-6	Inf	3,000000E+0	250,000000E+0	3,719844201610E+9
274,963571E+0	262,600000E+0	0,000000E+0	282,500000E+0	0,000000E+0	8,860000E+0	0,000000E+0	23,954000E-3	100,000000E-6	Inf	3,000000E+0	250,000000E+0	3,719844211600E+9
275,230484E+0	262,866667E+0	57,735027E-3	282,766667E+0	57,735027E-3	8,846667E+0	15,275252E-3	23,654000E-3	150,996689E-6	Inf	3,000000E+0	250,000000E+0	3,719844221600E+9
275,464032E+0	263,100000E+0	0,000000E+0	283,000000E+0	0,000000E+0	8,833333E+0	5,773503E-3	23,440667E-3	83,266640E-6	Inf	3,000000E+0	250,000000E+0	3,719844231600E+9
275,764308E+0	263,400000E+0	0,000000E+0	283,300000E+0	0,000000E+0	5,886667E+0	5,098013E+0	23,354000E-3	144,222051E-6	Inf	3,000000E+0	250,000000E+0	3,719844241650E+9
275,937596E+0	263,533333E+0	57,735027E-3	283,500000E+0	0,000000E+0	8,823333E+0	5,773503E-3	23,087333E-3	160,416126E-6	Inf	3,000000E+0	250,000000E+0	3,719844251640E+9
276,157695E+0	263,733333E+0	57,735027E-3	283,733333E+0	57,735027E-3	8,826667E+0	5,773503E-3	23,047333E-3	23,094011E-6	Inf	3,000000E+0	250,000000E+0	3,719844261640E+9
276,424610E+0	264,000000E+0	0,000000E+0	284,000000E+0	0,000000E+0	8,833333E+0	5,773503E-3	22,907333E-3	80,829038E-6	Inf	3,000000E+0	250,000000E+0	3,719844271640E+9
276,684529E+0	264,200000E+0	0,000000E+0	284,300000E+0	0,000000E+0	8,833333E+0	5,773503E-3	22,854000E-3	124,899960E-6	Inf	3,000000E+0	250,000000E+0	3,719844281690E+9
276,884718E+0	264,400000E+0	0,000000E+0	284,500000E+0	0,000000E+0	8,810000E+0	0,000000E+0	22,714000E-3	34,641016E-6	Inf	3,000000E+0	250,000000E+0	3,719844291740E+9
277,151635E+0	264,666667E+0	57,735027E-3	284,766667E+0	57,735027E-3	8,856667E+0	5,773503E-3	22,634000E-3	72,111026E-6	Inf	3,000000E+0	250,000000E+0	3,719844301740E+9
277,385187E+0	264,900000E+0	0,000000E+0	285,000000E+0	0,000000E+0	8,866667E+0	11,547005E-3	22,367333E-3	117,189306E-6	Inf	3,000000E+0	250,000000E+0	3,719844311730E+9
277,605286E+0	265,100000E+0	0,000000E+0	285,233333E+0	57,735027E-3	8,856667E+0	5,773503E-3	22,454000E-3	20,000000E-6	Inf	3,000000E+0	250,000000E+0	3,719844321730E+9
277,845290E+0	265,300000E+0	0,000000E+0	285,500000E+0	0,000000E+0	8,833333E+0	5,773503E-3	22,100667E-3	80,829038E-6	Inf	3,000000E+0	250,000000E+0	3,719844331720E+9
278,145575E+0	265,600000E+0	0,000000E+0	285,800000E+0	0,000000E+0	5,886667E+0	5,098003E+0	22,114000E-3	40,000000E-6	Inf	3,000000E+0	250,000000E+0	3,719844341720E+9
278,332307E+0	265,766667E+0	57,735027E-3	286,000000E+0	0,000000E+0	8,826667E+0	5,773503E-3	22,167333E-3	94,516313E-6	Inf	3,000000E+0	250,000000E+0	3,719844351720E+9
278,545953E+0	266,000000E+0	0,000000E+0	286,200000E+0	0,000000E+0	8,813333E+0	5,773503E-3	21,887333E-3	152,752523E-6	Inf	3,000000E+0	250,000000E+0	3,719844361710E+9
278,805863E+0	266,200000E+0	0,000000E+0	286,500000E+0	0,000000E+0	8,833333E+0	5,773503E-3	21,634000E-3	20,000000E-6	Inf	3,000000E+0	250,000000E+0	3,719844371710E+9
279,065757E+0	266,400000E+0	0,000000E+0	286,800000E+0	0,000000E+0	8,846667E+0	5,773503E-3	21,707333E-3	57,735027E-6	Inf	3,000000E+0	250,000000E+0	3,719844381710E+9
279,265951E+0	266,600000E+0	0,000000E+0	287,000000E+0	0,000000E+0	8,833333E+0	5,773503E-3	21,320667E-3	23,094011E-6	Inf	3,000000E+0	250,000000E+0	3,719844391700E+9
279,532876E+0	266,866667E+0	57,735027E-3	287,266667E+0	57,735027E-3	8,880000E+0	0,000000E+0	21,474000E-3	69,282032E-6	Inf	3,000000E+0	250,000000E+0	3,719844401700E+9
279,766435E+0	267,100000E+0	0,000000E+0	287,500000E+0	0,000000E+0	8,860000E+0	0,000000E+0	21,287333E-3	75,718778E-6	Inf	3,000000E+0	250,000000E+0	3,719844411700E+9
280,026323E+0	267,300000E+0	0,000000E+0	287,800000E+0	0,000000E+0	8,863333E+0	5,773503E-3	21,314000E-3	20,000000E-6	Inf	3,000000E+0	250,000000E+0	3,719844421690E+9
280,226519E+0	267,500000E+0	0,000000E+0	288,000000E+0	0,000000E+0	8,850000E+0	0,000000E+0	21,207333E-3	30,550505E-6	Inf	3,000000E+0	250,000000E+0	3,719844431690E+9
280,499869E+0	267,733333E+0	57,735027E-3	288,300000E+0	0,000000E+0	8,813333E+0	5,773503E-3	20,860667E-3	50,332230E-6	Inf	3,000000E+0	250,000000E+0	3,719844441740E+9
280,746904E+0	268,000000E+0	0,000000E+0	288,533333E+0	57,735027E-3	5,886667E+0	5,098003E+0	20,760667E-3	30,550505E-6	Inf	3,000000E+0	250,000000E+0	3,719844451740E+9
280,966995E+0	268,200000E+0	0,000000E+0	288,766667E+0	57,735027E-3	8,836667E+0	5,773503E-3	20,707333E-3	70,237692E-6	Inf	3,000000E+0	250,000000E+0	3,719844461730E+9
281,187086E+0	268,400000E+0	0,000000E+0	289,000000E+0	0,000000E+0	8,830000E+0	0,000000E+0	20,387333E-3	102,632029E-6	Inf	3,000000E+0	250,000000E+0	3,719844471730E+9
281,427067E+0	268,600000E+0	0,000000E+0	289,266667E+0	57,735027E-3	8,820000E+0	10,000000E-3	20,414000E-3	131,148770E-6	Inf	3,000000E+0	250,000000E+0	3,719844481730E+9
281,660632E+0	268,833333E+0	57,735027E-3	289,500000E+0	0,000000E+0	8,860000E+0	0,000000E+0	20,480667E-3	23,094011E-6	Inf	3,000000E+0	250,000000E+0	3,719844491720E+9
281,887774E+0	269,100000E+0	0,000000E+0	289,700000E+0	0,000000E+0	8,860000E+0	0,000000E+0	20,427333E-3	80,829038E-6	Inf	3,000000E+0	250,000000E+0	3,719844501660E+9
282,147653E+0	269,300000E+0	0,000000E+0	290,000000E+0	0,000000E+0	8,880000E+0	0,000000E+0	20,354000E-3	60,000000E-6	Inf	3,000000E+0	250,000000E+0	3,719844511660E+9
282,387631E+0	269,500000E+0	0,000000E+0	290,266667E+0	57,735027E-3	8,866667E+0	5,773503E-3	20,227333E-3	57,735027E-6	Inf	3,000000E+0	250,000000E+0	3,719844521660E+9
282,607718E+0	269,700000E+0	0,000000E+0	290,500000E+0	0,000000E+0	8,860000E+0	0,000000E+0	20,060667E-3	147,422296E-6	Inf	3,000000E+0	250,000000E+0	3,719844531650E+9
282,881055E+0	269,933333E+0	57,735027E-3	290,800000E+0	0,000000E+0	8,866667E+0	5,773503E-3	19,834000E-3	52,915026E-6	Inf	3,000000E+0	250,000000E+0	3,719844541650E+9
283,108220E+0	270,200000E+0	0,000000E+0	291,000000E+0	0,000000E+0	8,863333E+0	5,773503E-3	19,940667E-3	57,735027E-6	Inf	3,000000E+0	250,000000E+0	3,719844551650E+9
283,328309E+0	270,400000E+0	0,000000E+0	291,233333E+0	57,735027E-3	8,873333E+0	5,773503E-3	19,620667E-3	41,633320E-6	Inf	3,000000E+0	250,000000E+0	3,719844561640E+9
283,568281E+0	270,600000E+0	0,000000E+0	291,500000E+0	0,000000E+0	8,866667E+0	5,773503E-3	19,567333E-3	94,516313E-6	Inf	3,000000E+0	250,000000E+0	3,719844571640E+9
283,788367E+0	270,800000E+0	0,000000E+0	291,733333E+0	57,735027E-3	8,860000E+0	0,000000E+0	19,434000E-3	124,899960E-6	Inf	3,000000E+0	250,000000E+0	3,719844581640E+9
284,028331E+0	271,000000E+0	0,000000E+0	292,000000E+0	0,000000E+0	8,806667E+0	5,773503E-3	19,567333E-3	50,332230E-6	Inf	3,000000E+0	250,000000E+0	3,719844591690E+9
284,281782E+0	271,233333E+0	57,735027E-3	292,266667E+0	57,735027E-3	8,810000E+0	0,000000E+0	19,294000E-3	103,923048E-6	Inf	3,000000E+0	250,000000E+0	3,719844601680E+9
284,528843E+0	271,500000E+0	0,000000E+0	292,500000E+0	0,000000E+0	8,820000E+0	0,000000E+0	19,247333E-3	151,437556E-6	Inf	3,000000E+0	250,000000E+0	3,719844611680E+9
284,729047E+0	271,700000E+0	0,000000E+0	292,700000E+0	0,000000E+0	8,850000E+0	10,000000E-3	19,340667E-3	127,017059E-6	Inf	3,000000E+0	250,000000E+0	3,719844621680E+9
284,988889E+0	271,900000E+0	0,000000E+0	293,000000E+0	0,000000E+0	8,853333E+0	5,773503E-3	19,280667E-3	41,633320E-6	Inf	3,000000E+0	250,000000E+0	3,719844631670E+9
285,208972E+0	272,100000E+0	0,000000E+0	293,233333E+0	57,735027E-3	8,833333E+0	5,773503E-3	18,887333E-3	94,516313E-6	Inf	3,000000E+0	250,000000E+0	3,719844641670E+9
285,448925E+0	272,300000E+0	0,000000E+0	293,500000E+0	0,000000E+0	8,810000E+0	0,000000E+0	18,720667E-3	64,291005E-6	Inf	3,000000E+0	250,000000E+0	3,719844651670E+9
285,735742E+0	272,566667E+0	57,735027E-3	293,800000E+0	0,000000E+0	8,813333E+0	5,773503E-3	18,627333E-3	102,632029E-6	Inf	3,000000E+0	250,000000E+0	3,719844661660E+9
285,949448E+0	272,800000E+0	0,000000E+0	294,000000E+0	0,000000E+0	8,810000E+0	0,000000E+0	18,787333E-3	30,550505E-6	Inf	3,000000E+0	250,000000E+0	3,719844671660E+9
286,169529E+0	273,000000E+0	0,000000E+0	294,233333E+0	57,735027E-3	8,816667E+0	5,773503E-3	18,754000E-3	80,000000E-6	Inf	3,000000E+0	250,000000E+0	3,719844681660E+9
286,409480E+0	273,200000E+0	0,000000E+0	294,500000E+0	0,000000E+0	8,803333E+0	5,773503E-3	18,514000E-3	144,222051E-6	Inf	3,000000E+0	250,000000E+0	3,719844691710E+9
286,649425E+0	273,400000E+0	0,000000E+0	294,766667E+0	57,735027E-3	8,770000E+0	10,000000E-3	18,367333E-3	61,101009E-6	Inf	3,000000E+0	250,000000E+0	3,719844701700E+9
286,910005E+0	273,700000E+0	0,000000E+0	295,000000E+0	0,000000E+0	8,780000E+0	0,000000E+0	18,300667E-3	57,735027E-6	Inf	3,000000E+0	250,000000E+0	3,719844711700E+9
287,110215E+0	273,900000E+0	0,000000E+0	295,200000E+0	0,000000E+0	8,786667E+0	5,773503E-3	18,160667E-3	61,101009E-6	Inf	3,000000E+0	250,000000E+0	3,719844721700E+9
287,370034E+0	274,100000E+0	0,000000E+0	295,500000E+0	0,000000E+0	8,776667E+0	5,773503E-3	18,100667E-3	23,094011E-6	Inf	3,000000E+0	250,000000E+0	3,719844731690E+9
287,603614E+0	274,333333E+0	57,735027E-3	295,733333E+0	57,735027E-3	8,783333E+0	5,773503E-3	18,034000E-3	103,923048E-6	Inf	3,000000E+0	250,000000E+0	3,719844741690E+9
287,857062E+0	274,566667E+0	57,735027E-3	296,000000E+0	0,000000E+0	8,783333E+0	5,773503E-3	17,980667E-3	120,554275E-6	Inf	3,000000E+0	250,000000E+0	3,719844751690E+9
288,070774E+0	274,800000E+0	0,000000E+0	296,200000E+0	0,000000E+0	8,790000E+0	10,000000E-3	18,034000E-3	60,000000E-6	Inf	3,000000E+0	250,000000E+0	3,719844761680E+9
288,330588E+0	275,000000E+0	0,000000E+0	296,500000E+0	0,000000E+0	8,793333E+0	5,773503E-3	17,840667E-3	133,166562E-6	Inf	3,000000E+0	250,000000E+0	3,719844771680E+9
288,630908E+0	275,300000E+0	0,000000E+0	296,800000E+0	0,000000E+0	5,873333E+0	5,086456E+0	17,747333E-3	41,633320E-6	Inf	3,000000E+0	250,000000E+0	3,719844781670E+9
288,804111E+0	275,433333E+0	57,735027E-3	297,000000E+0	0,000000E+0	8,813333E+0	5,773503E-3	17,627333E-3	41,633320E-6	Inf	3,000000E+0	250,000000E+0	3,719844791670E+9
289,090926E+0	275,700000E+0	0,000000E+0	297,300000E+0	0,000000E+0	5,896667E+0	5,106666E+0	17,587333E-3	64,291005E-6	Inf	3,000000E+0	250,000000E+0	3,719844801670E+9
289,291141E+0	275,900000E+0	0,000000E+0	297,500000E+0	0,000000E+0	8,833333E+0	5,773503E-3	17,407333E-3	83,266640E-6	Inf	3,000000E+0	250,000000E+0	3,719844811720E+9
289,531077E+0	276,100000E+0	0,000000E+0	297,766667E+0	57,735027E-3	8,836667E+0	5,773503E-3	17,420667E-3	110,151411E-6	Inf	3,000000E+0	250,000000E+0	3,719844821720E+9
289,764663E+0	276,333333E+0	57,735027E-3	298,000000E+0	0,000000E+0	8,830000E+0	0,000000E+0	17,360667E-3	185,831465E-6	Inf	3,000000E+0	250,000000E+0	3,719844831710E+9
290,031618E+0	276,600000E+0	0,000000E+0	298,266667E+0	57,735027E-3	8,796667E+0	5,773503E-3	17,240667E-3	100,664459E-6	Inf	3,000000E+0	250,000000E+0	3,719844841710E+9
290,251695E+0	276,800000E+0	0,000000E+0	298,500000E+0	0,000000E+0	8,780000E+0	0,000000E+0	17,260667E-3	152,752523E-6	Inf	3,000000E+0	250,000000E+0	3,719844851700E+9
290,471770E+0	277,000000E+0	0,000000E+0	298,733333E+0	57,735027E-3	8,780000E+0	0,000000E+0	17,067333E-3	41,633320E-6	Inf	3,000000E+0	250,000000E+0	3,719844861700E+9
290,752235E+0	277,300000E+0	0,000000E+0	299,000000E+0	0,000000E+0	8,780000E+0	0,000000E+0	16,947333E-3	128,582010E-6	Inf	3,000000E+0	250,000000E+0	3,719844871700E+9
290,952450E+0	277,500000E+0	0,000000E+0	299,200000E+0	0,000000E+0	8,780000E+0	0,000000E+0	16,947333E-3	57,735027E-6	Inf	3,000000E+0	250,000000E+0	3,719844881750E+9
291,212248E+0	277,700000E+0	0,000000E+0	299,500000E+0	0,000000E+0	8,780000E+0	0,000000E+0	16,914000E-3	105,830052E-6	Inf	3,000000E+0	250,000000E+0	3,719844891750E+9
291,425975E+0	277,933333E+0	57,735027E-3	299,700000E+0	0,000000E+0	8,780000E+0	0,000000E+0	16,854000E-3	105,830052E-6	Inf	3,000000E+0	250,000000E+0	3,719844901740E+9
291,692930E+0	278,200000E+0	0,000000E+0	299,966667E+0	57,735027E-3	8,796667E+0	15,275252E-3	16,874000E-3	52,915026E-6	Inf	3,000000E+0	250,000000E+0	3,719844911740E+9
291,853414E+0	278,400000E+0	0,000000E+0	300,100000E+0	0,000000E+0	8,793333E+0	5,773503E-3	16,647333E-3	75,718778E-6	Inf	3,000000E+0	250,000000E+0	3,719844921730E+9
291,874707E+0	278,600000E+0	0,000000E+0	300,000000E+0	0,000000E+0	8,786667E+0	11,547005E-3	16,747333E-3	50,332230E-6	Inf	3,000000E+0	250,000000E+0	3,719844931730E+9
291,955517E+0	278,800000E+0	0,000000E+0	300,000000E+0	0,000000E+0	8,783333E+0	5,773503E-3	16,460667E-3	75,718778E-6	Inf	3,000000E+0	250,000000E+0	3,719844941730E+9
292,009337E+0	278,933333E+0	57,735027E-3	300,000000E+0	0,000000E+0	8,790000E+0	0,000000E+0	16,514000E-3	105,830052E-6	Inf	3,000000E+0	250,000000E+0	3,719844951720E+9
292,076550E+0	279,100000E+0	0,000000E+0	300,000000E+0	0,000000E+0	8,776667E+0	5,773503E-3	16,420667E-3	94,516313E-6	Inf	3,000000E+0	250,000000E+0	3,719844961720E+9
292,116846E+0	279,200000E+0	0,000000E+0	300,000000E+0	0,000000E+0	8,796667E+0	5,773503E-3	16,654000E-3	60,000000E-6	Inf	3,000000E+0	250,000000E+0	3,719844971720E+9
292,157117E+0	279,300000E+0	0,000000E+0	300,000000E+0	0,000000E+0	8,786667E+0	5,773503E-3	16,654000E-3	72,111026E-6	Inf	3,000000E+0	250,000000E+0	3,719844981710E+9
292,197363E+0	279,400000E+0	0,000000E+0	300,000000E+0	0,000000E+0	8,796667E+0	5,773503E-3	16,687333E-3	41,633320E-6	Inf	3,000000E+0	250,000000E+0	3,719844991710E+9
292,237586E+0	279,500000E+0	0,000000E+0	300,000000E+0	0,000000E+0	8,830000E+0	0,000000E+0	16,554000E-3	34,641016E-6	Inf	3,000000E+0	250,000000E+0	3,719845001710E+9
292,277784E+0	279,600000E+0	0,000000E+0	300,000000E+0	0,000000E+0	8,816667E+0	5,773503E-3	16,480667E-3	61,101009E-6	Inf	3,000000E+0	250,000000E+0	3,719845011760E+9
292,317958E+0	279,700000E+0	0,000000E+0	300,000000E+0	0,000000E+0	8,790000E+0	10,000000E-3	16,587333E-3	83,266640E-6	Inf	3,000000E+0	250,000000E+0	3,719845021750E+9
292,317958E+0	279,700000E+0	0,000000E+0	300,000000E+0	0,000000E+0	8,753333E+0	5,773503E-3	16,314000E-3	20,000000E-6	Inf	3,000000E+0	250,000000E+0	3,719845031750E+9
292,358107E+0	279,800000E+0	0,000000E+0	300,000000E+0	0,000000E+0	8,766667E+0	5,773503E-3	16,414000E-3	100,000000E-6	Inf	3,000000E+0	250,000000E+0	3,719845041750E+9
292,398233E+0	279,900000E+0	0,000000E+0	300,000000E+0	0,000000E+0	8,756667E+0	5,773503E-3	16,334000E-3	100,000000E-6	Inf	3,000000E+0	250,000000E+0	3,719845051740E+9
292,398233E+0	279,900000E+0	0,000000E+0	300,000000E+0	0,000000E+0	8,750000E+0	10,000000E-3	16,340667E-3	166,533280E-6	Inf	3,000000E+0	250,000000E+0	3,719845061740E+9
292,424969E+0	279,966667E+0	57,735027E-3	300,000000E+0	0,000000E+0	8,683333E+0	5,773503E-3	16,487333E-3	80,829038E-6	Inf	3,000000E+0	250,000000E+0	3,719845071740E+9
292,438334E+0	280,000000E+0	0,000000E+0	300,000000E+0	0,000000E+0	8,683333E+0	5,773503E-3	16,334000E-3	20,000000E-6	Inf	3,000000E+0	250,000000E+0	3,719845081730E+9
292,438334E+0	280,000000E+0	0,000000E+0	300,000000E+0	0,000000E+0	8,710000E+0	0,000000E+0	16,387333E-3	64,291005E-6	Inf	3,000000E+0	250,000000E+0	3,719845091730E+9
292,478411E+0	280,100000E+0	0,000000E+0	300,000000E+0	0,000000E+0	8,740000E+0	10,000000E-3	16,360667E-3	92,376043E-6	Inf	3,000000E+0	250,000000E+0	3,719845101730E+9
292,478411E+0	280,100000E+0	0,000000E+0	300,000000E+0	0,000000E+0	8,740000E+0	0,000000E+0	16,500667E-3	75,718778E-6	Inf	3,000000E+0	250,000000E+0	3,719845111780E+9
